x,y,z,qx,qy,qz,qw
678.168662,-132.414383,348.359280,0.116694,0.993168,0.000000,-0.000000
677.957863,-132.414475,348.378278,0.116695,0.993168,-0.000000,0.000000
677.957863,-132.414475,348.378278,0.116695,0.993168,-0.000000,0.000000
677.746576,-132.414522,348.397008,0.116694,0.993168,-0.000000,-0.000000
677.746576,-132.414522,348.397008,0.116694,0.993168,-0.000000,-0.000000
677.416523,-132.414028,348.426848,0.116695,0.993168,-0.000000,0.000000
677.416523,-132.414028,348.426848,0.116695,0.993168,-0.000000,0.000000
677.085386,-132.413426,348.456009,0.116694,0.993168,-0.000000,-0.000000
677.085386,-132.413426,348.456009,0.116694,0.993168,-0.000000,-0.000000
676.653728,-132.415580,348.475250,0.116695,0.993168,-0.000000,0.000000
676.653728,-132.415580,348.475250,0.116695,0.993168,-0.000000,0.000000
676.220207,-132.417550,348.493340,0.116694,0.993168,-0.000000,-0.000000
676.220207,-132.417550,348.493340,0.116694,0.993168,-0.000000,-0.000000
675.706025,-132.419211,348.532267,0.116695,0.993168,-0.000001,0.000001
675.706025,-132.419211,348.532267,0.116695,0.993168,-0.000001,0.000001
675.189204,-132.420604,348.569635,0.116694,0.993168,-0.000000,0.000000
675.189204,-132.420604,348.569635,0.116694,0.993168,-0.000000,0.000000
674.612851,-132.420742,348.657224,0.116695,0.993168,-0.000001,0.000001
674.612851,-132.420742,348.657224,0.116695,0.993168,-0.000001,0.000001
674.033934,-132.420536,348.742804,0.116694,0.993168,-0.000000,0.000000
674.033934,-132.420536,348.742804,0.116694,0.993168,-0.000000,0.000000
673.405491,-132.426342,348.791614,0.116695,0.993168,-0.000001,0.000001
673.405491,-132.426342,348.791614,0.116695,0.993168,-0.000001,0.000001
672.773357,-132.431741,348.838048,0.116694,0.993168,-0.000000,0.000000
672.773357,-132.431741,348.838048,0.116694,0.993168,-0.000000,0.000000
672.106505,-132.439504,348.863880,0.116695,0.993168,-0.000001,0.000001
672.106505,-132.439504,348.863880,0.116695,0.993168,-0.000001,0.000001
671.435783,-132.446808,348.887052,0.116694,0.993168,-0.000000,0.000000
671.435783,-132.446808,348.887052,0.116694,0.993168,-0.000000,0.000000
670.741385,-132.454037,348.943349,0.116694,0.993168,-0.000001,-0.000000
670.741385,-132.454037,348.943349,0.116694,0.993168,-0.000001,-0.000000
670.042966,-132.460763,348.996785,0.116692,0.993168,0.000000,-0.000003
670.042966,-132.460763,348.996785,0.116692,0.993168,0.000000,-0.000003
669.330276,-132.473059,349.007396,0.116693,0.993168,-0.000001,-0.000001
669.330276,-132.473059,349.007396,0.116693,0.993168,-0.000001,-0.000001
668.613322,-132.484826,349.014977,0.116693,0.993168,0.000000,-0.000002
668.613322,-132.484826,349.014977,0.116693,0.993168,0.000000,-0.000002
667.887879,-132.499543,349.024985,0.116694,0.993168,-0.000001,-0.000000
667.887879,-132.499543,349.024985,0.116694,0.993168,-0.000001,-0.000000
667.158070,-132.513704,349.031956,0.116693,0.993168,0.000000,-0.000001
667.158070,-132.513704,349.031956,0.116693,0.993168,0.000000,-0.000001
666.427818,-132.528953,349.104518,0.116694,0.993168,-0.000001,-0.000000
666.427818,-132.528953,349.104518,0.116694,0.993168,-0.000001,-0.000000
665.693385,-132.543624,349.173990,0.116694,0.993168,0.000000,-0.000001
665.693385,-132.543624,349.173990,0.116694,0.993168,0.000000,-0.000001
664.948181,-132.559885,349.140036,0.116695,0.993168,-0.000001,0.000000
664.948181,-132.559885,349.140036,0.116695,0.993168,-0.000001,0.000000
664.198283,-132.575563,349.102875,0.116694,0.993168,0.000000,-0.000001
664.198283,-132.575563,349.102875,0.116694,0.993168,0.000000,-0.000001
663.451846,-132.591034,349.140958,0.116695,0.993168,-0.000001,0.000001
663.451846,-132.591034,349.140958,0.116695,0.993168,-0.000001,0.000001
662.700805,-132.605911,349.175933,0.116694,0.993168,0.000000,-0.000000
662.700805,-132.605911,349.175933,0.116694,0.993168,0.000000,-0.000000
661.950223,-132.622161,349.220017,0.116695,0.993168,-0.000001,0.000001
661.950223,-132.622161,349.220017,0.116695,0.993168,-0.000001,0.000001
661.195118,-132.637807,349.260983,0.116694,0.993168,0.000000,-0.000000
661.195118,-132.637807,349.260983,0.116694,0.993168,0.000000,-0.000000
660.441629,-132.654403,349.290458,0.116695,0.993168,-0.000001,0.000001
660.441629,-132.654403,349.290458,0.116695,0.993168,-0.000001,0.000001
659.683606,-132.670392,349.316808,0.116694,0.993168,0.000000,-0.000000
659.683606,-132.670392,349.316808,0.116694,0.993168,0.000000,-0.000000
658.928013,-132.687560,349.354025,0.116695,0.993168,-0.000001,0.000001
658.928013,-132.687560,349.354025,0.116695,0.993168,-0.000001,0.000001
658.168027,-132.704115,349.388135,0.116694,0.993168,0.000000,-0.000000
658.168027,-132.704115,349.388135,0.116694,0.993168,0.000000,-0.000000
657.410690,-132.721795,349.422733,0.116695,0.993168,-0.000001,0.000001
657.410690,-132.721795,349.422733,0.116695,0.993168,-0.000001,0.000001
656.649205,-132.738853,349.454222,0.116694,0.993168,-0.000000,-0.000000
656.649205,-132.738853,349.454222,0.116694,0.993168,-0.000000,-0.000000
655.889485,-132.756934,349.481336,0.116695,0.993168,-0.000001,0.000001
655.889485,-132.756934,349.481336,0.116695,0.993168,-0.000001,0.000001
655.125829,-132.774385,349.505323,0.116694,0.993168,-0.000000,-0.000000
655.125829,-132.774385,349.505323,0.116694,0.993168,-0.000000,-0.000000
654.364439,-132.792663,349.518275,0.116695,0.993168,-0.000001,0.000001
654.364439,-132.792663,349.518275,0.116695,0.993168,-0.000001,0.000001
653.598653,-132.810318,349.528111,0.116694,0.993168,-0.000000,-0.000000
653.598653,-132.810318,349.528111,0.116694,0.993168,-0.000000,-0.000000
652.835808,-132.828350,349.541106,0.116695,0.993168,-0.000001,0.000001
652.835808,-132.828350,349.541106,0.116695,0.993168,-0.000001,0.000001
652.068630,-132.845758,349.550980,0.116694,0.993168,-0.000000,0.000000
652.068630,-132.845758,349.550980,0.116694,0.993168,-0.000000,0.000000
651.304676,-132.863550,349.544966,0.116695,0.993168,-0.000001,0.000001
651.304676,-132.863550,349.544966,0.116695,0.993168,-0.000001,0.000001
650.536636,-132.880711,349.535860,0.116694,0.993168,-0.000000,0.000000
650.536636,-132.880711,349.535860,0.116694,0.993168,-0.000000,0.000000
649.770433,-132.898668,349.555462,0.116696,0.993168,-0.000002,0.000001
649.770433,-132.898668,349.555462,0.116696,0.993168,-0.000002,0.000001
649.000056,-132.915996,349.571980,0.116695,0.993168,-0.000001,-0.000000
649.000056,-132.915996,349.571980,0.116695,0.993168,-0.000001,-0.000000
648.235609,-132.933365,349.571080,0.116696,0.993168,-0.000002,0.000001
648.235609,-132.933365,349.571080,0.116696,0.993168,-0.000002,0.000001
647.467229,-132.950100,349.567140,0.116694,0.993168,-0.000000,0.000000
647.467229,-132.950100,349.567140,0.116694,0.993168,-0.000000,0.000000
646.699421,-132.966935,349.614337,0.116695,0.993168,-0.000001,0.000001
646.699421,-132.966935,349.614337,0.116695,0.993168,-0.000001,0.000001
645.928589,-132.983126,349.658459,0.116694,0.993168,-0.000000,-0.000000
645.928589,-132.983126,349.658459,0.116694,0.993168,-0.000000,-0.000000
645.161391,-133.002025,349.648606,0.116695,0.993168,-0.000001,0.000001
645.161391,-133.002025,349.648606,0.116695,0.993168,-0.000001,0.000001
644.390353,-133.020284,349.635693,0.116694,0.993168,0.000000,-0.000000
644.390353,-133.020284,349.635693,0.116694,0.993168,0.000000,-0.000000
643.622439,-133.039076,349.621899,0.116695,0.993168,-0.000001,0.000001
643.622439,-133.039076,349.621899,0.116695,0.993168,-0.000001,0.000001
642.850920,-133.057222,349.605021,0.116694,0.993168,0.000000,-0.000000
642.850920,-133.057222,349.605021,0.116694,0.993168,0.000000,-0.000000
642.086037,-133.076421,349.541999,0.116695,0.993168,-0.000001,0.000001
642.086037,-133.076421,349.541999,0.116695,0.993168,-0.000001,0.000001
641.317428,-133.094972,349.476060,0.116694,0.993168,0.000000,-0.000000
641.317428,-133.094972,349.476060,0.116694,0.993168,0.000000,-0.000000
640.544754,-133.112666,349.540812,0.116695,0.993168,-0.000001,0.000001
640.544754,-133.112666,349.540812,0.116695,0.993168,-0.000001,0.000001
639.768902,-133.129723,349.602504,0.116694,0.993168,0.000000,-0.000000
639.768902,-133.129723,349.602504,0.116694,0.993168,0.000000,-0.000000
639.003556,-133.148812,349.540703,0.116695,0.993168,-0.000001,0.000001
639.003556,-133.148812,349.540703,0.116695,0.993168,-0.000001,0.000001
638.234580,-133.167254,349.475888,0.116694,0.993168,0.000000,-0.000000
638.234580,-133.167254,349.475888,0.116694,0.993168,0.000000,-0.000000
637.470032,-133.185782,349.410142,0.116695,0.993168,-0.000001,0.000001
637.470032,-133.185782,349.410142,0.116695,0.993168,-0.000001,0.000001
636.701448,-133.203676,349.341419,0.116694,0.993168,0.000000,-0.000000
636.701448,-133.203676,349.341419,0.116694,0.993168,0.000000,-0.000000
635.933418,-133.222481,349.326377,0.116695,0.993168,-0.000001,0.000001
635.933418,-133.222481,349.326377,0.116695,0.993168,-0.000001,0.000001
635.162177,-133.240640,349.308356,0.116694,0.993168,0.000000,-0.000001
635.162177,-133.240640,349.308356,0.116694,0.993168,0.000000,-0.000001
634.396562,-133.259384,349.254040,0.116695,0.993168,-0.000001,0.000000
634.396562,-133.259384,349.254040,0.116695,0.993168,-0.000001,0.000000
633.627387,-133.277486,349.196822,0.116694,0.993168,0.000000,-0.000001
633.627387,-133.277486,349.196822,0.116694,0.993168,0.000000,-0.000001
632.858177,-133.296494,349.193860,0.116694,0.993168,-0.000001,0.000000
632.858177,-133.296494,349.193860,0.116694,0.993168,-0.000001,0.000000
632.086111,-133.314853,349.187976,0.116693,0.993168,0.000000,-0.000001
632.086111,-133.314853,349.187976,0.116693,0.993168,0.000000,-0.000001
631.318826,-133.333760,349.153571,0.116694,0.993168,-0.000001,-0.000000
631.318826,-133.333760,349.153571,0.116694,0.993168,-0.000001,-0.000000
630.548201,-133.352024,349.116268,0.116693,0.993168,0.000000,-0.000001
630.548201,-133.352024,349.116268,0.116693,0.993168,0.000000,-0.000001
629.779519,-133.370405,349.091867,0.116693,0.993168,-0.000001,-0.000001
629.779519,-133.370405,349.091867,0.116693,0.993168,-0.000001,-0.000001
629.007818,-133.388138,349.064545,0.116693,0.993168,0.000001,-0.000002
629.007818,-133.388138,349.064545,0.116693,0.993168,0.000001,-0.000002
628.241651,-133.405847,348.996467,0.116693,0.993168,-0.000000,-0.000001
628.241651,-133.405847,348.996467,0.116693,0.993168,-0.000000,-0.000001
627.471942,-133.422912,348.925519,0.116692,0.993168,0.000001,-0.000003
627.471942,-133.422912,348.925519,0.116692,0.993168,0.000001,-0.000003
626.702858,-133.440516,348.911906,0.116692,0.993168,-0.000000,-0.000002
626.702858,-133.440516,348.911906,0.116692,0.993168,-0.000000,-0.000002
625.931115,-133.457476,348.895429,0.116691,0.993168,0.000001,-0.000003
625.931115,-133.457476,348.895429,0.116691,0.993168,0.000001,-0.000003
625.168844,-133.476573,348.850606,0.116693,0.993168,-0.000000,-0.000001
625.168844,-133.476573,348.850606,0.116693,0.993168,-0.000000,-0.000001
624.401635,-133.495026,348.802803,0.116695,0.993168,-0.000000,0.000000
624.401635,-133.495026,348.802803,0.116695,0.993168,-0.000000,0.000000
621.616692,-133.497764,348.568813,0.116704,0.993167,-0.000012,0.000014
621.616692,-133.497764,348.568813,0.116704,0.993167,-0.000012,0.000014
618.791659,-133.492215,348.296838,0.116695,0.993168,-0.000000,0.000000
618.791659,-133.492215,348.296838,0.116695,0.993168,-0.000000,0.000000
615.150543,-133.365199,347.984798,0.116710,0.993166,-0.000022,0.000023
615.150543,-133.365199,347.984798,0.116710,0.993166,-0.000022,0.000023
611.446771,-133.225452,347.608149,0.116695,0.993168,-0.000000,0.000000
611.446771,-133.225452,347.608149,0.116695,0.993168,-0.000000,0.000000
607.709690,-132.894776,347.209857,0.116711,0.993166,-0.000023,0.000025
607.709690,-132.894776,347.209857,0.116711,0.993166,-0.000023,0.000025
603.906660,-132.552754,346.743060,0.116694,0.993168,-0.000000,0.000000
603.906660,-132.552754,346.743060,0.116694,0.993168,-0.000000,0.000000
600.555924,-131.960977,346.335484,0.116708,0.993166,-0.000019,0.000020
600.555924,-131.960977,346.335484,0.116708,0.993166,-0.000019,0.000020
597.156037,-131.363519,345.872277,0.116694,0.993168,-0.000000,-0.000000
597.156037,-131.363519,345.872277,0.116694,0.993168,-0.000000,-0.000000
594.523254,-130.487303,345.421684,0.116703,0.993167,-0.000012,0.000013
594.523254,-130.487303,345.421684,0.116703,0.993167,-0.000012,0.000013
591.857828,-129.610744,344.935166,0.116694,0.993168,0.000000,-0.000000
591.857828,-129.610744,344.935166,0.116694,0.993168,0.000000,-0.000000
590.119309,-128.430984,344.548838,0.116699,0.993167,-0.000006,0.000006
590.119309,-128.430984,344.548838,0.116699,0.993167,-0.000006,0.000006
588.362911,-127.253970,344.144848,0.116694,0.993168,0.000000,-0.000000
588.362911,-127.253970,344.144848,0.116694,0.993168,0.000000,-0.000000
587.657426,-125.760475,343.848475,0.116696,0.993168,-0.000001,0.000002
587.657426,-125.760475,343.848475,0.116696,0.993168,-0.000001,0.000002
586.944433,-124.270310,343.547691,0.116694,0.993168,0.000000,-0.000000
586.944433,-124.270310,343.547691,0.116694,0.993168,0.000000,-0.000000
587.387219,-122.441138,343.327137,0.116694,0.993168,0.000000,-0.000000
587.387219,-122.441138,343.327137,0.116694,0.993168,0.000000,-0.000000
587.824979,-120.610214,343.106718,0.116694,0.993168,0.000000,-0.000000
587.824979,-120.610214,343.106718,0.116694,0.993168,0.000000,-0.000000
589.441758,-118.401359,343.086917,0.116696,0.993168,-0.000002,0.000002
589.441758,-118.401359,343.086917,0.116696,0.993168,-0.000002,0.000002
591.046731,-116.180723,343.060930,0.116694,0.993168,0.000000,-0.000000
591.046731,-116.180723,343.060930,0.116694,0.993168,0.000000,-0.000000
593.885584,-113.625159,343.248379,0.116700,0.993167,-0.000008,0.000009
593.885584,-113.625159,343.248379,0.116700,0.993167,-0.000008,0.000009
596.694570,-111.042441,343.410950,0.116694,0.993168,-0.000000,-0.000000
596.694570,-111.042441,343.410950,0.116694,0.993168,-0.000000,-0.000000
600.776171,-108.135935,343.851532,0.116709,0.993166,-0.000018,0.000021
600.776171,-108.135935,343.851532,0.116709,0.993166,-0.000018,0.000021
604.790747,-105.184760,344.234312,0.116694,0.993168,-0.000000,-0.000000
604.790747,-105.184760,344.234312,0.116694,0.993168,-0.000000,-0.000000
607.483890,-103.281295,344.630256,0.116701,0.993167,-0.000008,0.000010
607.483890,-103.281295,344.630256,0.116701,0.993167,-0.000008,0.000010
610.144830,-101.358901,344.999703,0.116694,0.993168,-0.000000,-0.000000
610.144830,-101.358901,344.999703,0.116694,0.993168,-0.000000,-0.000000
612.061890,-100.137975,345.103260,0.116698,0.993167,-0.000005,0.000005
612.061890,-100.137975,345.103260,0.116698,0.993167,-0.000005,0.000005
613.965169,-98.907401,345.193022,0.116694,0.993168,-0.000000,-0.000000
613.965169,-98.907401,345.193022,0.116694,0.993168,-0.000000,-0.000000
615.385854,-98.119720,345.258591,0.116696,0.993168,-0.000003,0.000003
615.385854,-98.119720,345.258591,0.116696,0.993168,-0.000003,0.000003
616.798432,-97.327589,345.316275,0.116694,0.993168,-0.000000,-0.000000
616.798432,-97.327589,345.316275,0.116694,0.993168,-0.000000,-0.000000
617.920895,-96.809234,345.394453,0.116696,0.993168,-0.000002,0.000002
617.920895,-96.809234,345.394453,0.116696,0.993168,-0.000002,0.000002
619.037765,-96.288606,345.467420,0.116694,0.993168,-0.000000,-0.000000
619.037765,-96.288606,345.467420,0.116694,0.993168,-0.000000,-0.000000
619.990814,-95.960874,345.473336,0.116695,0.993168,-0.000001,0.000001
619.990814,-95.960874,345.473336,0.116695,0.993168,-0.000001,0.000001
620.940161,-95.631747,345.475439,0.116694,0.993168,-0.000000,-0.000000
620.940161,-95.631747,345.475439,0.116694,0.993168,-0.000000,-0.000000
621.773895,-95.403990,345.538319,0.116695,0.993168,-0.000001,0.000001
621.773895,-95.403990,345.538319,0.116695,0.993168,-0.000001,0.000001
622.604054,-95.175426,345.598131,0.116694,0.993168,-0.000000,-0.000000
622.604054,-95.175426,345.598131,0.116694,0.993168,-0.000000,-0.000000
623.374478,-95.012407,345.684916,0.116695,0.993168,-0.000001,0.000001
623.374478,-95.012407,345.684916,0.116695,0.993168,-0.000001,0.000001
624.142074,-94.848705,345.768977,0.116694,0.993168,-0.000000,-0.000000
624.142074,-94.848705,345.768977,0.116694,0.993168,-0.000000,-0.000000
624.884634,-94.747906,345.787744,0.116695,0.993168,-0.000001,0.000001
624.884634,-94.747906,345.787744,0.116695,0.993168,-0.000001,0.000001
625.624372,-94.646649,345.803946,0.116694,0.993168,-0.000000,-0.000000
625.624372,-94.646649,345.803946,0.116694,0.993168,-0.000000,-0.000000
626.351973,-94.586558,345.776866,0.116695,0.993168,-0.000001,0.000001
626.351973,-94.586558,345.776866,0.116695,0.993168,-0.000001,0.000001
627.077316,-94.526055,345.747355,0.116694,0.993168,-0.000000,-0.000000
627.077316,-94.526055,345.747355,0.116694,0.993168,-0.000000,-0.000000
627.800288,-94.482097,345.748490,0.116695,0.993168,-0.000001,0.000001
627.800288,-94.482097,345.748490,0.116695,0.993168,-0.000001,0.000001
628.520912,-94.437781,345.747118,0.116694,0.993168,-0.000000,-0.000000
628.520912,-94.437781,345.747118,0.116694,0.993168,-0.000000,-0.000000
629.241574,-94.422099,345.697295,0.116695,0.993168,-0.000001,0.000001
629.241574,-94.422099,345.697295,0.116695,0.993168,-0.000001,0.000001
629.960288,-94.406090,345.645036,0.116694,0.993168,-0.000000,-0.000000
629.960288,-94.406090,345.645036,0.116694,0.993168,-0.000000,-0.000000
630.686527,-94.385912,345.649591,0.116695,0.993168,-0.000001,0.000001
630.686527,-94.385912,345.649591,0.116695,0.993168,-0.000001,0.000001
631.410490,-94.365403,345.651577,0.116694,0.993168,-0.000000,0.000000
631.410490,-94.365403,345.651577,0.116694,0.993168,-0.000000,0.000000
632.136198,-94.360669,345.602194,0.116695,0.993168,-0.000001,0.000001
632.136198,-94.360669,345.602194,0.116695,0.993168,-0.000001,0.000001
632.859570,-94.355648,345.550262,0.116694,0.993168,-0.000000,0.000000
632.859570,-94.355648,345.550262,0.116694,0.993168,-0.000000,0.000000
633.587372,-94.363570,345.457472,0.116695,0.993168,-0.000001,0.000001
633.587372,-94.363570,345.457472,0.116695,0.993168,-0.000001,0.000001
634.313106,-94.371226,345.362132,0.116694,0.993168,-0.000000,0.000000
634.313106,-94.371226,345.362132,0.116694,0.993168,-0.000000,0.000000
635.047262,-94.379818,345.266875,0.116695,0.993168,-0.000001,0.000001
635.047262,-94.379818,345.266875,0.116695,0.993168,-0.000001,0.000001
635.778900,-94.388147,345.169022,0.116694,0.993168,-0.000000,0.000000
635.778900,-94.388147,345.169022,0.116694,0.993168,-0.000000,0.000000
636.510331,-94.409488,345.028672,0.116695,0.993168,-0.000001,0.000001
636.510331,-94.409488,345.028672,0.116695,0.993168,-0.000001,0.000001
637.240118,-94.430584,344.885745,0.116694,0.993168,-0.000000,0.000000
637.240118,-94.430584,344.885745,0.116694,0.993168,-0.000000,0.000000
637.987494,-94.430233,344.823609,0.116695,0.993168,-0.000001,0.000001
637.987494,-94.430233,344.823609,0.116695,0.993168,-0.000001,0.000001
638.731996,-94.429576,344.758776,0.116694,0.993168,-0.000000,0.000000
638.731996,-94.429576,344.758776,0.116694,0.993168,-0.000000,0.000000
639.480126,-94.438738,344.661710,0.116695,0.993168,-0.000001,0.000001
639.480126,-94.438738,344.661710,0.116695,0.993168,-0.000001,0.000001
640.225509,-94.447607,344.561963,0.116694,0.993168,-0.000000,0.000000
640.225509,-94.447607,344.561963,0.116694,0.993168,-0.000000,0.000000
640.974588,-94.459300,344.451608,0.116695,0.993168,-0.000001,0.000001
640.974588,-94.459300,344.451608,0.116695,0.993168,-0.000001,0.000001
641.721027,-94.470686,344.338613,0.116694,0.993168,-0.000000,0.000000
641.721027,-94.470686,344.338613,0.116694,0.993168,-0.000000,0.000000
642.487292,-94.461984,344.299260,0.116695,0.993168,-0.000001,0.000001
642.487292,-94.461984,344.299260,0.116695,0.993168,-0.000001,0.000001
643.250798,-94.452932,344.256993,0.116694,0.993168,-0.000000,0.000000
643.250798,-94.452932,344.256993,0.116694,0.993168,-0.000000,0.000000
644.012969,-94.451520,344.189936,0.116695,0.993168,-0.000001,0.000001
644.012969,-94.451520,344.189936,0.116695,0.993168,-0.000001,0.000001
644.772421,-94.449780,344.119998,0.116694,0.993168,-0.000000,0.000000
644.772421,-94.449780,344.119998,0.116694,0.993168,-0.000000,0.000000
645.527072,-94.457878,344.022185,0.116695,0.993168,-0.000001,0.000001
645.527072,-94.457878,344.022185,0.116695,0.993168,-0.000001,0.000001
646.278925,-94.465677,343.921553,0.116694,0.993168,-0.000000,0.000000
646.278925,-94.465677,343.921553,0.116694,0.993168,-0.000000,0.000000
647.021751,-94.489004,343.771129,0.116695,0.993168,-0.000001,0.000001
647.021751,-94.489004,343.771129,0.116695,0.993168,-0.000001,0.000001
647.762203,-94.512046,343.618068,0.116694,0.993168,-0.000000,0.000000
647.762203,-94.512046,343.618068,0.116694,0.993168,-0.000000,0.000000
648.517516,-94.508733,343.560964,0.116695,0.993168,-0.000001,0.000001
648.517516,-94.508733,343.560964,0.116695,0.993168,-0.000001,0.000001
649.269972,-94.505079,343.501019,0.116694,0.993168,-0.000000,0.000000
649.269972,-94.505079,343.501019,0.116694,0.993168,-0.000000,0.000000
650.021061,-94.496765,343.460416,0.116695,0.993168,-0.000001,0.000001
650.021061,-94.496765,343.460416,0.116695,0.993168,-0.000001,0.000001
650.768654,-94.488117,343.416991,0.116694,0.993168,-0.000000,0.000000
650.768654,-94.488117,343.416991,0.116694,0.993168,-0.000000,0.000000
651.512713,-94.486658,343.352668,0.116695,0.993168,-0.000001,0.000001
651.512713,-94.486658,343.352668,0.116695,0.993168,-0.000001,0.000001
652.253736,-94.484871,343.285575,0.116694,0.993168,-0.000000,0.000000
652.253736,-94.484871,343.285575,0.116694,0.993168,-0.000000,0.000000
652.992213,-94.478691,343.232657,0.116695,0.993168,-0.000001,0.000001
652.992213,-94.478691,343.232657,0.116695,0.993168,-0.000001,0.000001
653.727604,-94.472171,343.177023,0.116694,0.993168,-0.000000,0.000000
653.727604,-94.472171,343.177023,0.116694,0.993168,-0.000000,0.000000
654.457758,-94.448056,343.184785,0.116694,0.993168,0.000001,-0.000001
654.457758,-94.448056,343.184785,0.116694,0.993168,0.000001,-0.000001
655.184642,-94.423603,343.189781,0.116692,0.993168,0.000003,-0.000003
655.184642,-94.423603,343.189781,0.116692,0.993168,0.000003,-0.000003
655.911624,-94.404221,343.186419,0.116693,0.993168,0.000002,-0.000002
655.911624,-94.404221,343.186419,0.116693,0.993168,0.000002,-0.000002
656.635507,-94.384512,343.180266,0.116693,0.993168,0.000003,-0.000003
656.635507,-94.384512,343.180266,0.116693,0.993168,0.000003,-0.000003
657.350087,-94.380520,343.119078,0.116693,0.993168,0.000002,-0.000002
657.350087,-94.380520,343.119078,0.116693,0.993168,0.000002,-0.000002
658.061544,-94.376237,343.055260,0.116693,0.993168,0.000003,-0.000003
658.061544,-94.376237,343.055260,0.116693,0.993168,0.000003,-0.000003
658.776553,-94.383329,342.968167,0.116693,0.993168,0.000002,-0.000002
658.776553,-94.383329,342.968167,0.116693,0.993168,0.000002,-0.000002
659.488632,-94.390090,342.878611,0.116693,0.993168,0.000003,-0.000003
659.488632,-94.390090,342.878611,0.116693,0.993168,0.000003,-0.000003
660.194180,-94.350992,342.952441,0.116693,0.993168,0.000002,-0.000002
660.194180,-94.350992,342.952441,0.116693,0.993168,0.000002,-0.000002
660.896440,-94.311553,343.023609,0.116693,0.993168,0.000003,-0.000003
660.896440,-94.311553,343.023609,0.116693,0.993168,0.000003,-0.000003
661.606696,-94.276656,343.090854,0.116693,0.993168,0.000002,-0.000002
661.606696,-94.276656,343.090854,0.116693,0.993168,0.000002,-0.000002
662.313230,-94.241464,343.155289,0.116692,0.993168,0.000003,-0.000003
662.313230,-94.241464,343.155289,0.116692,0.993168,0.000003,-0.000003
663.042477,-94.228105,343.155031,0.116694,0.993168,0.000000,-0.000001
663.042477,-94.228105,343.155031,0.116694,0.993168,0.000000,-0.000001
663.767991,-94.214407,343.152006,0.116694,0.993168,-0.000000,0.000000
663.767991,-94.214407,343.152006,0.116694,0.993168,-0.000000,0.000000
664.488032,-94.174006,343.237957,0.116695,0.993168,-0.000001,0.000001
664.488032,-94.174006,343.237957,0.116695,0.993168,-0.000001,0.000001
665.203849,-94.133301,343.320998,0.116694,0.993168,-0.000000,0.000000
665.203849,-94.133301,343.320998,0.116694,0.993168,-0.000000,0.000000
665.928578,-94.095628,343.402929,0.116695,0.993168,-0.000001,0.000001
665.928578,-94.095628,343.402929,0.116695,0.993168,-0.000001,0.000001
666.648703,-94.057679,343.481834,0.116694,0.993168,-0.000000,0.000000
666.648703,-94.057679,343.481834,0.116694,0.993168,-0.000000,0.000000
667.384044,-94.032957,343.523169,0.116695,0.993168,-0.000001,0.000001
667.384044,-94.032957,343.523169,0.116695,0.993168,-0.000001,0.000001
668.114838,-94.007954,343.561429,0.116694,0.993168,-0.000000,0.000000
668.114838,-94.007954,343.561429,0.116694,0.993168,-0.000000,0.000000
668.853920,-93.987229,343.577406,0.116695,0.993168,-0.000001,0.000001
668.853920,-93.987229,343.577406,0.116695,0.993168,-0.000001,0.000001
669.589275,-93.966191,343.590372,0.116694,0.993168,-0.000000,0.000000
669.589275,-93.966191,343.590372,0.116694,0.993168,-0.000000,0.000000
670.320554,-93.943420,343.649613,0.116695,0.993168,-0.000001,0.000001
670.320554,-93.943420,343.649613,0.116695,0.993168,-0.000001,0.000001
671.049644,-93.920303,343.706028,0.116695,0.993168,-0.000000,0.000000
671.049644,-93.920303,343.706028,0.116695,0.993168,-0.000000,0.000000
673.853147,-93.817399,343.998452,0.116706,0.993167,-0.000011,0.000019
673.853147,-93.817399,343.998452,0.116706,0.993167,-0.000011,0.000019
676.587646,-93.710983,344.244641,0.116695,0.993168,-0.000000,0.000000
676.587646,-93.710983,344.244641,0.116695,0.993168,-0.000000,0.000000
680.242965,-93.517358,344.299552,0.116713,0.993166,-0.000023,0.000031
680.242965,-93.517358,344.299552,0.116713,0.993166,-0.000023,0.000031
683.779949,-93.317092,344.275563,0.116695,0.993168,-0.000000,0.000000
683.779949,-93.317092,344.275563,0.116695,0.993168,-0.000000,0.000000
687.454391,-92.962878,344.047857,0.116713,0.993166,-0.000026,0.000031
687.454391,-92.962878,344.047857,0.116713,0.993166,-0.000026,0.000031
691.000028,-92.600786,343.739386,0.116694,0.993168,-0.000000,0.000000
691.000028,-92.600786,343.739386,0.116694,0.993168,-0.000000,0.000000
694.311839,-92.017977,343.347990,0.116709,0.993166,-0.000023,0.000025
694.311839,-92.017977,343.347990,0.116709,0.993166,-0.000023,0.000025
697.511006,-91.426807,342.889588,0.116694,0.993168,-0.000000,-0.000000
697.511006,-91.426807,342.889588,0.116694,0.993168,-0.000000,-0.000000
700.110779,-90.555505,342.247120,0.116702,0.993167,-0.000016,0.000014
700.110779,-90.555505,342.247120,0.116702,0.993167,-0.000016,0.000014
702.642437,-89.675721,341.565393,0.116694,0.993168,0.000000,-0.000000
702.642437,-89.675721,341.565393,0.116694,0.993168,0.000000,-0.000000
704.338339,-88.463826,340.977294,0.116798,0.993156,0.000045,0.000049
704.338339,-88.463826,340.977294,0.116798,0.993156,0.000045,0.000049
705.988607,-87.139277,340.308617,0.116694,0.993168,-0.000000,0.000000
705.988607,-87.139277,340.308617,0.116694,0.993168,-0.000000,0.000000
706.684868,-85.620504,339.950182,0.116744,0.993162,0.000025,-0.000006
706.684868,-85.620504,339.950182,0.116744,0.993162,0.000025,-0.000006
707.387165,-84.041892,339.599945,0.116691,0.993168,-0.000001,0.000001
707.387165,-84.041892,339.599945,0.116691,0.993168,-0.000001,0.000001
707.022275,-82.140714,339.490376,0.116689,0.993169,-0.000002,-0.000003
707.022275,-82.140714,339.490376,0.116689,0.993169,-0.000002,-0.000003
706.648255,-80.244757,339.386534,0.116691,0.993168,-0.000001,0.000001
706.648255,-80.244757,339.386534,0.116691,0.993168,-0.000001,0.000001
705.215450,-78.058689,339.554040,0.116764,0.993160,0.000026,0.000070
705.215450,-78.058689,339.554040,0.116764,0.993160,0.000026,0.000070
703.693149,-75.813791,339.609196,0.116694,0.993168,0.000000,0.000001
703.693149,-75.813791,339.609196,0.116694,0.993168,0.000000,0.000001
701.030030,-73.399214,339.768016,0.116958,0.993137,0.000105,0.000206
701.030030,-73.399214,339.768016,0.116958,0.993137,0.000105,0.000206
698.127294,-70.751804,339.589843,0.116692,0.993168,-0.000001,0.000001
698.127294,-70.751804,339.589843,0.116692,0.993168,-0.000001,0.000001
694.114242,-67.871237,339.703038,0.116736,0.993163,-0.000028,0.000070
694.114242,-67.871237,339.703038,0.116736,0.993163,-0.000028,0.000070
689.860705,-65.020510,339.660811,0.116694,0.993168,-0.000000,-0.000000
689.860705,-65.020510,339.660811,0.116694,0.993168,-0.000000,-0.000000
687.145209,-63.195193,339.292190,0.116708,0.993166,-0.000011,0.000024
687.145209,-63.195193,339.292190,0.116708,0.993166,-0.000011,0.000024
684.331443,-61.390215,338.868150,0.116694,0.993168,-0.000000,-0.000000
684.331443,-61.390215,338.868150,0.116694,0.993168,-0.000000,-0.000000
682.434242,-60.228885,338.439182,0.116701,0.993167,-0.000004,0.000011
682.434242,-60.228885,338.439182,0.116701,0.993167,-0.000004,0.000011
680.489605,-59.075944,337.984040,0.116694,0.993168,-0.000000,-0.000000
680.489605,-59.075944,337.984040,0.116694,0.993168,-0.000000,-0.000000
679.083505,-58.324350,337.638996,0.116698,0.993167,-0.000002,0.000006
679.083505,-58.324350,337.638996,0.116698,0.993167,-0.000002,0.000006
677.653977,-57.577231,337.280483,0.116694,0.993168,0.000000,-0.000000
677.653977,-57.577231,337.280483,0.116694,0.993168,0.000000,-0.000000
676.537671,-57.087805,337.026921,0.116697,0.993168,-0.000001,0.000004
676.537671,-57.087805,337.026921,0.116697,0.993168,-0.000001,0.000004
675.407919,-56.600723,336.765241,0.116694,0.993168,0.000000,-0.000000
675.407919,-56.600723,336.765241,0.116694,0.993168,0.000000,-0.000000
674.473317,-56.287319,336.525907,0.116696,0.993168,-0.000001,0.000002
674.473317,-56.287319,336.525907,0.116696,0.993168,-0.000001,0.000002
673.529611,-55.975248,336.280985,0.116694,0.993168,0.000000,-0.000000
673.529611,-55.975248,336.280985,0.116694,0.993168,0.000000,-0.000000
672.735391,-55.774190,336.010025,0.116696,0.993168,-0.000000,0.000002
672.735391,-55.774190,336.010025,0.116696,0.993168,-0.000000,0.000002
671.934435,-55.573992,335.735141,0.116694,0.993168,0.000000,-0.000000
671.934435,-55.573992,335.735141,0.116694,0.993168,0.000000,-0.000000
671.206398,-55.436712,335.513146,0.116695,0.993168,-0.000000,0.000001
671.206398,-55.436712,335.513146,0.116695,0.993168,-0.000000,0.000001
670.473050,-55.299985,335.287877,0.116694,0.993168,0.000000,-0.000000
670.473050,-55.299985,335.287877,0.116694,0.993168,0.000000,-0.000000
669.796601,-55.218058,335.032375,0.116695,0.993168,-0.000000,0.000001
669.796601,-55.218058,335.032375,0.116695,0.993168,-0.000000,0.000001
669.115640,-55.136550,334.774283,0.116694,0.993168,0.000000,-0.000000
669.115640,-55.136550,334.774283,0.116694,0.993168,0.000000,-0.000000
668.416394,-55.078810,334.664234,0.116695,0.993168,-0.000001,0.000001
668.416394,-55.078810,334.664234,0.116695,0.993168,-0.000001,0.000001
667.713611,-55.021304,334.551513,0.116694,0.993168,0.000000,-0.000000
667.713611,-55.021304,334.551513,0.116694,0.993168,0.000000,-0.000000
667.019587,-54.988245,334.457339,0.116695,0.993168,-0.000001,0.000001
667.019587,-54.988245,334.457339,0.116695,0.993168,-0.000001,0.000001
666.322039,-54.955337,334.360441,0.116694,0.993168,0.000000,-0.000000
666.322039,-54.955337,334.360441,0.116694,0.993168,0.000000,-0.000000
665.650741,-54.958733,334.173960,0.116695,0.993168,-0.000000,0.000001
665.650741,-54.958733,334.173960,0.116695,0.993168,-0.000000,0.000001
664.975493,-54.962231,333.984929,0.116694,0.993168,0.000000,-0.000000
664.975493,-54.962231,333.984929,0.116694,0.993168,0.000000,-0.000000
664.304423,-54.982189,333.788866,0.116695,0.993168,-0.000000,0.000001
664.304423,-54.982189,333.788866,0.116695,0.993168,-0.000000,0.000001
663.628908,-55.002211,333.590187,0.116694,0.993168,0.000000,-0.000000
663.628908,-55.002211,333.590187,0.116694,0.993168,0.000000,-0.000000
662.942149,-55.024763,333.442434,0.116695,0.993168,-0.000000,0.000001
662.942149,-55.024763,333.442434,0.116695,0.993168,-0.000000,0.000001
662.251620,-55.047302,333.292199,0.116694,0.993168,0.000000,-0.000000
662.251620,-55.047302,333.292199,0.116694,0.993168,0.000000,-0.000000
661.547691,-55.064347,333.221189,0.116695,0.993168,-0.000001,0.000001
661.547691,-55.064347,333.221189,0.116695,0.993168,-0.000001,0.000001
660.840319,-55.081348,333.147557,0.116694,0.993168,0.000000,-0.000000
660.840319,-55.081348,333.147557,0.116694,0.993168,0.000000,-0.000000
660.133127,-55.110209,333.052291,0.116695,0.993168,-0.000001,0.000001
660.133127,-55.110209,333.052291,0.116695,0.993168,-0.000001,0.000001
659.422385,-55.138980,332.954507,0.116694,0.993168,0.000000,-0.000000
659.422385,-55.138980,332.954507,0.116694,0.993168,0.000000,-0.000000
658.694768,-55.152371,332.955503,0.116695,0.993168,-0.000001,0.000001
658.694768,-55.152371,332.955503,0.116695,0.993168,-0.000001,0.000001
657.963918,-55.165688,332.953715,0.116694,0.993168,0.000000,-0.000000
657.963918,-55.165688,332.953715,0.116694,0.993168,0.000000,-0.000000
657.241322,-55.204905,332.853059,0.116695,0.993168,-0.000001,0.000001
657.241322,-55.204905,332.853059,0.116695,0.993168,-0.000001,0.000001
656.515143,-55.243995,332.749784,0.116694,0.993168,0.000000,-0.000000
656.515143,-55.243995,332.749784,0.116694,0.993168,0.000000,-0.000000
655.775156,-55.270358,332.715161,0.116695,0.993168,-0.000001,0.000001
655.775156,-55.270358,332.715161,0.116695,0.993168,-0.000001,0.000001
655.031844,-55.296581,332.677842,0.116694,0.993168,0.000000,-0.000000
655.031844,-55.296581,332.677842,0.116694,0.993168,0.000000,-0.000000
654.284543,-55.312614,332.697949,0.116695,0.993168,-0.000001,0.000001
654.284543,-55.312614,332.697949,0.116695,0.993168,-0.000001,0.000001
653.534139,-55.328543,332.715163,0.116694,0.993168,0.000000,-0.000000
653.534139,-55.328543,332.715163,0.116694,0.993168,0.000000,-0.000000
652.781382,-55.373273,332.606464,0.116695,0.993168,-0.000001,0.000001
652.781382,-55.373273,332.606464,0.116695,0.993168,-0.000001,0.000001
652.024955,-55.417821,332.495062,0.116694,0.993168,0.000000,-0.000000
652.024955,-55.417821,332.495062,0.116694,0.993168,0.000000,-0.000000
651.268010,-55.432775,332.533452,0.116695,0.993168,-0.000001,0.000001
651.268010,-55.432775,332.533452,0.116695,0.993168,-0.000001,0.000001
650.508076,-55.447566,332.569131,0.116694,0.993168,0.000000,-0.000000
650.508076,-55.447566,332.569131,0.116694,0.993168,0.000000,-0.000000
649.755536,-55.446885,332.685957,0.116695,0.993168,-0.000001,0.000001
649.755536,-55.446885,332.685957,0.116695,0.993168,-0.000001,0.000001
648.999839,-55.446092,332.800082,0.116694,0.993168,0.000000,-0.000000
648.999839,-55.446092,332.800082,0.116694,0.993168,0.000000,-0.000000
648.235144,-55.457642,332.855104,0.116695,0.993168,-0.000001,0.000001
648.235144,-55.457642,332.855104,0.116695,0.993168,-0.000001,0.000001
647.467696,-55.469025,332.907401,0.116694,0.993168,0.000000,-0.000000
647.467696,-55.469025,332.907401,0.116694,0.993168,0.000000,-0.000000
646.722435,-55.460467,333.071616,0.116695,0.993168,-0.000001,0.000001
646.722435,-55.460467,333.071616,0.116695,0.993168,-0.000001,0.000001
645.975150,-55.451817,333.233088,0.116694,0.993168,0.000000,-0.000000
645.975150,-55.451817,333.233088,0.116694,0.993168,0.000000,-0.000000
645.215341,-55.455669,333.334119,0.116695,0.993168,-0.000001,0.000001
645.215341,-55.455669,333.334119,0.116695,0.993168,-0.000001,0.000001
644.453311,-55.459365,333.432476,0.116694,0.993168,-0.000000,-0.000000
644.453311,-55.459365,333.432476,0.116694,0.993168,-0.000000,-0.000000
643.725889,-55.441980,333.649633,0.116695,0.993168,-0.000001,0.000001
643.725889,-55.441980,333.649633,0.116695,0.993168,-0.000001,0.000001
642.996665,-55.424536,333.864226,0.116694,0.993168,0.000000,-0.000000
642.996665,-55.424536,333.864226,0.116694,0.993168,0.000000,-0.000000
642.264185,-55.414165,334.049393,0.116695,0.993168,-0.000001,0.000001
642.264185,-55.414165,334.049393,0.116695,0.993168,-0.000001,0.000001
641.529895,-55.403705,334.232035,0.116694,0.993168,-0.000000,-0.000000
641.529895,-55.403705,334.232035,0.116694,0.993168,-0.000000,-0.000000
640.814132,-55.386319,334.471707,0.116695,0.993168,-0.000001,0.000001
640.814132,-55.386319,334.471707,0.116695,0.993168,-0.000001,0.000001
640.096502,-55.368876,334.709025,0.116694,0.993168,-0.000000,-0.000000
640.096502,-55.368876,334.709025,0.116694,0.993168,-0.000000,-0.000000
639.389056,-55.349367,334.962617,0.116695,0.993168,-0.000001,0.000001
639.389056,-55.349367,334.962617,0.116695,0.993168,-0.000001,0.000001
638.679838,-55.329831,335.213815,0.116694,0.993168,-0.000000,-0.000000
638.679838,-55.329831,335.213815,0.116694,0.993168,-0.000000,-0.000000
637.942260,-55.323339,335.391412,0.116695,0.993168,-0.000001,0.000001
637.942260,-55.323339,335.391412,0.116695,0.993168,-0.000001,0.000001
637.202599,-55.316745,335.566614,0.116694,0.993168,-0.000000,-0.000000
637.202599,-55.316745,335.566614,0.116694,0.993168,-0.000000,-0.000000
636.509016,-55.293719,335.868329,0.116695,0.993168,-0.000001,0.000001
636.509016,-55.293719,335.868329,0.116695,0.993168,-0.000001,0.000001
635.813644,-55.270688,336.167891,0.116694,0.993168,-0.000000,-0.000000
635.813644,-55.270688,336.167891,0.116694,0.993168,-0.000000,-0.000000
635.088714,-55.261658,336.405365,0.116695,0.993168,-0.000001,0.000001
635.088714,-55.261658,336.405365,0.116695,0.993168,-0.000001,0.000001
634.362258,-55.252585,336.640263,0.116694,0.993168,-0.000000,-0.000000
634.362258,-55.252585,336.640263,0.116694,0.993168,-0.000000,-0.000000
633.613029,-55.251361,336.821563,0.116695,0.993168,-0.000001,0.000001
633.613029,-55.251361,336.821563,0.116695,0.993168,-0.000001,0.000001
632.862071,-55.250046,337.000275,0.116694,0.993168,-0.000000,-0.000000
632.862071,-55.250046,337.000275,0.116694,0.993168,-0.000000,-0.000000
632.147503,-55.237663,337.313739,0.116695,0.993168,-0.000001,0.000001
632.147503,-55.237663,337.313739,0.116695,0.993168,-0.000001,0.000001
631.431560,-55.225289,337.624638,0.116694,0.993168,-0.000000,-0.000000
631.431560,-55.225289,337.624638,0.116694,0.993168,-0.000000,-0.000000
630.666387,-55.228430,337.809081,0.116695,0.993168,-0.000001,0.000001
630.666387,-55.228430,337.809081,0.116695,0.993168,-0.000001,0.000001
629.899153,-55.231471,337.990944,0.116694,0.993168,-0.000000,-0.000000
629.899153,-55.231471,337.990944,0.116694,0.993168,-0.000000,-0.000000
629.176339,-55.224328,338.294690,0.116695,0.993168,-0.000001,0.000001
629.176339,-55.224328,338.294690,0.116695,0.993168,-0.000001,0.000001
628.451904,-55.217181,338.595922,0.116694,0.993168,-0.000000,-0.000000
628.451904,-55.217181,338.595922,0.116694,0.993168,-0.000000,-0.000000
627.677891,-55.221010,338.775477,0.116695,0.993168,-0.000001,0.000001
627.677891,-55.221010,338.775477,0.116695,0.993168,-0.000001,0.000001
626.901819,-55.224756,338.952287,0.116694,0.993168,-0.000000,-0.000000
626.901819,-55.224756,338.952287,0.116694,0.993168,-0.000000,-0.000000
626.132847,-55.229607,339.157426,0.116695,0.993168,-0.000001,0.000001
626.132847,-55.229607,339.157426,0.116695,0.993168,-0.000001,0.000001
625.362009,-55.234382,339.359812,0.116694,0.993168,-0.000000,-0.000000
625.362009,-55.234382,339.359812,0.116694,0.993168,-0.000000,-0.000000
624.587881,-55.236693,339.559047,0.116695,0.993168,-0.000001,0.000001
624.587881,-55.236693,339.559047,0.116695,0.993168,-0.000001,0.000001
623.810347,-55.238915,339.755696,0.116694,0.993168,-0.000000,-0.000000
623.810347,-55.238915,339.755696,0.116694,0.993168,-0.000000,-0.000000
621.013635,-55.203244,340.161772,0.116701,0.993167,-0.000014,0.000013
621.013635,-55.203244,340.161772,0.116701,0.993167,-0.000014,0.000013
618.188455,-55.166814,340.531206,0.116694,0.993168,-0.000000,-0.000000
618.188455,-55.166814,340.531206,0.116694,0.993168,-0.000000,-0.000000
614.547663,-54.984816,340.868822,0.116707,0.993166,-0.000023,0.000022
614.547663,-54.984816,340.868822,0.116707,0.993166,-0.000023,0.000022
610.858881,-54.803247,341.143715,0.116694,0.993168,-0.000000,-0.000000
610.858881,-54.803247,341.143715,0.116694,0.993168,-0.000000,-0.000000
607.125724,-54.415569,341.015703,0.116709,0.993166,-0.000022,0.000025
607.125724,-54.415569,341.015703,0.116709,0.993166,-0.000022,0.000025
603.337400,-54.030558,340.821833,0.116694,0.993168,-0.000000,-0.000000
603.337400,-54.030558,340.821833,0.116694,0.993168,-0.000000,-0.000000
599.984812,-53.406764,340.637482,0.116706,0.993167,-0.000018,0.000020
599.984812,-53.406764,340.637482,0.116706,0.993167,-0.000018,0.000020
596.591572,-52.788467,340.399977,0.116694,0.993168,-0.000000,-0.000001
596.591572,-52.788467,340.399977,0.116694,0.993168,-0.000000,-0.000001
593.923175,-51.846561,340.044798,0.116702,0.993167,-0.000011,0.000012
593.923175,-51.846561,340.044798,0.116702,0.993167,-0.000011,0.000012
591.224597,-50.911465,339.655481,0.116694,0.993168,-0.000000,-0.000001
591.224597,-50.911465,339.655481,0.116694,0.993168,-0.000000,-0.000001
589.428139,-49.682463,339.391361,0.116697,0.993168,-0.000005,0.000005
589.428139,-49.682463,339.391361,0.116697,0.993168,-0.000005,0.000005
587.617466,-48.460960,339.111416,0.116693,0.993168,-0.000000,-0.000002
587.617466,-48.460960,339.111416,0.116693,0.993168,-0.000000,-0.000002
586.821612,-46.982479,338.886187,0.116694,0.993168,-0.000001,-0.000001
586.821612,-46.982479,338.886187,0.116694,0.993168,-0.000001,-0.000001
586.019662,-45.507428,338.657457,0.116693,0.993168,-0.000000,-0.000002
586.019662,-45.507428,338.657457,0.116693,0.993168,-0.000000,-0.000002
586.321878,-43.666510,338.511510,0.116693,0.993168,-0.000000,-0.000002
586.321878,-43.666510,338.511510,0.116693,0.993168,-0.000000,-0.000002
586.619115,-41.823325,338.365411,0.116693,0.993168,-0.000000,-0.000002
586.619115,-41.823325,338.365411,0.116693,0.993168,-0.000000,-0.000002
588.081522,-39.614121,338.273750,0.116695,0.993168,-0.000003,0.000001
588.081522,-39.614121,338.273750,0.116695,0.993168,-0.000003,0.000001
589.530822,-37.395475,338.174038,0.116693,0.993168,-0.000000,-0.000002
589.530822,-37.395475,338.174038,0.116693,0.993168,-0.000000,-0.000002
592.206958,-34.767578,338.069659,0.116699,0.993167,-0.000010,0.000009
592.206958,-34.767578,338.069659,0.116699,0.993167,-0.000010,0.000009
594.853192,-32.117542,337.935909,0.116693,0.993168,-0.000000,-0.000002
594.853192,-32.117542,337.935909,0.116693,0.993168,-0.000000,-0.000002
598.801566,-29.149701,337.627016,0.116706,0.993167,-0.000024,0.000023
598.801566,-29.149701,337.627016,0.116706,0.993167,-0.000024,0.000023
602.690517,-26.147019,337.252175,0.116694,0.993168,-0.000000,-0.000001
602.690517,-26.147019,337.252175,0.116694,0.993168,-0.000000,-0.000001
605.367884,-24.265940,336.904460,0.116699,0.993167,-0.000012,0.000010
605.367884,-24.265940,336.904460,0.116699,0.993167,-0.000012,0.000010
608.018603,-22.370196,336.525808,0.116694,0.993168,-0.000000,-0.000001
608.018603,-22.370196,336.525808,0.116694,0.993168,-0.000000,-0.000001
609.900170,-21.125080,336.341514,0.116697,0.993168,-0.000006,0.000005
609.900170,-21.125080,336.341514,0.116697,0.993168,-0.000006,0.000005
611.767976,-19.873365,336.141677,0.116694,0.993168,-0.000000,-0.000001
611.767976,-19.873365,336.141677,0.116694,0.993168,-0.000000,-0.000001
613.190630,-19.087836,335.909215,0.116695,0.993168,-0.000004,0.000002
613.190630,-19.087836,335.909215,0.116695,0.993168,-0.000004,0.000002
614.605239,-18.299745,335.667953,0.116694,0.993168,-0.000000,-0.000001
614.605239,-18.299745,335.667953,0.116694,0.993168,-0.000000,-0.000001
615.745718,-17.779784,335.508884,0.116695,0.993168,-0.000002,0.000001
615.745718,-17.779784,335.508884,0.116695,0.993168,-0.000002,0.000001
616.880908,-17.258604,335.344118,0.116694,0.993168,-0.000000,-0.000001
616.880908,-17.258604,335.344118,0.116694,0.993168,-0.000000,-0.000001
617.857586,-16.916691,335.222080,0.116695,0.993168,-0.000002,0.000001
617.857586,-16.916691,335.222080,0.116695,0.993168,-0.000002,0.000001
618.830678,-16.574096,335.095782,0.116694,0.993168,-0.000000,-0.000001
618.830678,-16.574096,335.095782,0.116694,0.993168,-0.000000,-0.000001
619.708000,-16.349419,334.978894,0.116695,0.993168,-0.000002,0.000001
619.708000,-16.349419,334.978894,0.116695,0.993168,-0.000002,0.000001
620.582902,-16.124281,334.858462,0.116694,0.993168,-0.000000,-0.000001
620.582902,-16.124281,334.858462,0.116694,0.993168,-0.000000,-0.000001
621.401471,-15.987643,334.695218,0.116695,0.993168,-0.000001,0.000000
621.401471,-15.987643,334.695218,0.116695,0.993168,-0.000001,0.000000
622.217790,-15.850866,334.528900,0.116694,0.993168,-0.000000,-0.000001
622.217790,-15.850866,334.528900,0.116694,0.993168,-0.000000,-0.000001
622.995964,-15.775323,334.296369,0.116694,0.993168,-0.000001,0.000000
622.995964,-15.775323,334.296369,0.116694,0.993168,-0.000001,0.000000
623.771897,-15.699808,334.061299,0.116694,0.993168,-0.000000,-0.000001
623.771897,-15.699808,334.061299,0.116694,0.993168,-0.000000,-0.000001
624.546915,-15.634633,333.954535,0.116695,0.993168,-0.000001,0.000001
624.546915,-15.634633,333.954535,0.116695,0.993168,-0.000001,0.000001
625.320009,-15.569456,333.844946,0.116694,0.993168,-0.000000,-0.000000
625.320009,-15.569456,333.844946,0.116694,0.993168,-0.000000,-0.000000
626.078378,-15.536138,333.671472,0.116695,0.993168,-0.000001,0.000000
626.078378,-15.536138,333.671472,0.116695,0.993168,-0.000001,0.000000
626.835264,-15.502883,333.495262,0.116694,0.993168,-0.000000,-0.000000
626.835264,-15.502883,333.495262,0.116694,0.993168,-0.000000,-0.000000
627.580839,-15.487554,333.299045,0.116695,0.993168,-0.000001,0.000000
627.580839,-15.487554,333.299045,0.116695,0.993168,-0.000001,0.000000
628.324617,-15.472331,333.100347,0.116694,0.993168,-0.000000,-0.000000
628.324617,-15.472331,333.100347,0.116694,0.993168,-0.000000,-0.000000
629.080921,-15.456134,332.954552,0.116695,0.993168,-0.000001,0.000001
629.080921,-15.456134,332.954552,0.116695,0.993168,-0.000001,0.000001
629.835397,-15.440055,332.806003,0.116694,0.993168,-0.000000,-0.000000
629.835397,-15.440055,332.806003,0.116694,0.993168,-0.000000,-0.000000
630.549162,-15.458729,332.505120,0.116694,0.993168,-0.000001,0.000000
630.549162,-15.458729,332.505120,0.116694,0.993168,-0.000001,0.000000
631.261439,-15.477580,332.202004,0.116694,0.993168,-0.000000,-0.000000
631.261439,-15.477580,332.202004,0.116694,0.993168,-0.000000,-0.000000
632.011941,-15.477119,332.018076,0.116695,0.993168,-0.000001,0.000001
632.011941,-15.477119,332.018076,0.116695,0.993168,-0.000001,0.000001
632.760307,-15.476800,331.831572,0.116694,0.993168,-0.000000,-0.000000
632.760307,-15.476800,331.831572,0.116694,0.993168,-0.000000,-0.000000
633.489733,-15.488953,331.591928,0.116695,0.993168,-0.000001,0.000001
633.489733,-15.488953,331.591928,0.116695,0.993168,-0.000001,0.000001
634.217629,-15.501261,331.349816,0.116694,0.993168,-0.000000,-0.000000
634.217629,-15.501261,331.349816,0.116694,0.993168,-0.000000,-0.000000
634.956250,-15.509707,331.138161,0.116695,0.993168,-0.000001,0.000001
634.956250,-15.509707,331.138161,0.116695,0.993168,-0.000001,0.000001
635.693012,-15.518297,330.923998,0.116694,0.993168,-0.000000,-0.000000
635.693012,-15.518297,330.923998,0.116694,0.993168,-0.000000,-0.000000
636.424417,-15.530987,330.689494,0.116695,0.993168,-0.000001,0.000001
636.424417,-15.530987,330.689494,0.116695,0.993168,-0.000001,0.000001
637.154001,-15.543830,330.452526,0.116694,0.993168,-0.000000,-0.000000
637.154001,-15.543830,330.452526,0.116694,0.993168,-0.000000,-0.000000
637.869228,-15.565022,330.175302,0.116695,0.993168,-0.000001,0.000001
637.869228,-15.565022,330.175302,0.116695,0.993168,-0.000001,0.000001
638.582648,-15.586366,329.895841,0.116694,0.993168,-0.000000,-0.000000
638.582648,-15.586366,329.895841,0.116694,0.993168,-0.000000,-0.000000
639.308766,-15.602927,329.645229,0.116695,0.993168,-0.000001,0.000001
639.308766,-15.602927,329.645229,0.116695,0.993168,-0.000001,0.000001
640.033294,-15.619638,329.392140,0.116694,0.993168,-0.000000,-0.000000
640.033294,-15.619638,329.392140,0.116694,0.993168,-0.000000,-0.000000
640.760345,-15.637636,329.137649,0.116695,0.993168,-0.000001,0.000001
640.760345,-15.637636,329.137649,0.116695,0.993168,-0.000001,0.000001
641.485401,-15.655762,328.880889,0.116694,0.993168,-0.000000,-0.000000
641.485401,-15.655762,328.880889,0.116694,0.993168,-0.000000,-0.000000
642.242117,-15.662008,328.699631,0.116695,0.993168,-0.000001,0.000001
642.242117,-15.662008,328.699631,0.116695,0.993168,-0.000001,0.000001
642.996715,-15.668377,328.515718,0.116694,0.993168,-0.000000,-0.000000
642.996715,-15.668377,328.515718,0.116694,0.993168,-0.000000,-0.000000
643.749710,-15.675657,328.327695,0.116695,0.993168,-0.000001,0.000001
643.749710,-15.675657,328.327695,0.116695,0.993168,-0.000001,0.000001
644.500529,-15.683063,328.137020,0.116694,0.993168,-0.000000,-0.000000
644.500529,-15.683063,328.137020,0.116694,0.993168,-0.000000,-0.000000
645.238060,-15.696077,327.909429,0.116695,0.993168,-0.000001,0.000001
645.238060,-15.696077,327.909429,0.116695,0.993168,-0.000001,0.000001
645.973547,-15.709204,327.679425,0.116694,0.993168,0.000000,-0.000000
645.973547,-15.709204,327.679425,0.116694,0.993168,0.000000,-0.000000
646.724948,-15.712791,327.521565,0.116695,0.993168,-0.000001,0.000001
646.724948,-15.712791,327.521565,0.116695,0.993168,-0.000001,0.000001
647.474038,-15.716486,327.361104,0.116694,0.993168,0.000000,-0.000000
647.474038,-15.716486,327.361104,0.116694,0.993168,0.000000,-0.000000
648.218924,-15.720015,327.215780,0.116695,0.993168,-0.000001,0.000001
648.218924,-15.720015,327.215780,0.116695,0.993168,-0.000001,0.000001
648.961486,-15.723641,327.067933,0.116694,0.993168,0.000000,-0.000000
648.961486,-15.723641,327.067933,0.116694,0.993168,0.000000,-0.000000
649.703480,-15.718996,326.978990,0.116695,0.993168,-0.000001,0.000001
649.703480,-15.718996,326.978990,0.116695,0.993168,-0.000001,0.000001
650.442865,-15.714442,326.887516,0.116694,0.993168,0.000000,-0.000000
650.442865,-15.714442,326.887516,0.116694,0.993168,0.000000,-0.000000
651.167991,-15.701262,326.839192,0.116695,0.993168,-0.000001,0.000001
651.167991,-15.701262,326.839192,0.116695,0.993168,-0.000001,0.000001
651.890656,-15.688161,326.788442,0.116694,0.993168,0.000000,-0.000000
651.890656,-15.688161,326.788442,0.116694,0.993168,0.000000,-0.000000
652.605095,-15.667511,326.794681,0.116695,0.993168,-0.000001,0.000001
652.605095,-15.667511,326.794681,0.116695,0.993168,-0.000001,0.000001
653.316882,-15.646947,326.798580,0.116694,0.993168,0.000000,-0.000000
653.316882,-15.646947,326.798580,0.116694,0.993168,0.000000,-0.000000
654.009586,-15.617182,326.905050,0.116695,0.993168,-0.000000,0.000001
654.009586,-15.617182,326.905050,0.116695,0.993168,-0.000000,0.000001
654.699244,-15.587571,327.009066,0.116694,0.993168,0.000000,-0.000000
654.699244,-15.587571,327.009066,0.116694,0.993168,0.000000,-0.000000
655.379919,-15.574347,327.008878,0.116695,0.993168,-0.000001,0.000001
655.379919,-15.574347,327.008878,0.116695,0.993168,-0.000001,0.000001
656.057998,-15.561214,327.006550,0.116694,0.993168,0.000000,-0.000000
656.057998,-15.561214,327.006550,0.116694,0.993168,0.000000,-0.000000
656.705984,-15.531497,327.092651,0.116695,0.993168,-0.000000,0.000001
656.705984,-15.531497,327.092651,0.116695,0.993168,-0.000000,0.000001
657.351213,-15.501910,327.176654,0.116694,0.993168,0.000000,-0.000000
657.351213,-15.501910,327.176654,0.116694,0.993168,0.000000,-0.000000
657.994333,-15.478710,327.247763,0.116695,0.993168,-0.000000,0.000001
657.994333,-15.478710,327.247763,0.116695,0.993168,-0.000000,0.000001
658.634733,-15.455643,327.316867,0.116694,0.993168,0.000000,-0.000000
658.634733,-15.455643,327.316867,0.116694,0.993168,0.000000,-0.000000
659.239119,-15.434296,327.445361,0.116695,0.993168,-0.000000,0.000001
659.239119,-15.434296,327.445361,0.116695,0.993168,-0.000000,0.000001
659.840971,-15.413121,327.571995,0.116694,0.993168,0.000000,-0.000000
659.840971,-15.413121,327.571995,0.116694,0.993168,0.000000,-0.000000
660.431404,-15.403138,327.676181,0.116695,0.993168,-0.000000,0.000001
660.431404,-15.403138,327.676181,0.116695,0.993168,-0.000000,0.000001
661.019727,-15.393311,327.778735,0.116694,0.993168,0.000000,-0.000000
661.019727,-15.393311,327.778735,0.116694,0.993168,0.000000,-0.000000
661.570687,-15.377886,327.965789,0.116695,0.993168,-0.000000,0.000001
661.570687,-15.377886,327.965789,0.116695,0.993168,-0.000000,0.000001
662.119155,-15.362674,328.151219,0.116694,0.993168,0.000000,-0.000000
662.119155,-15.362674,328.151219,0.116694,0.993168,0.000000,-0.000000
662.688381,-15.351310,328.310978,0.116695,0.993168,-0.000000,0.000001
662.688381,-15.351310,328.310978,0.116695,0.993168,-0.000000,0.000001
663.255352,-15.340134,328.469200,0.116694,0.993168,0.000000,-0.000000
663.255352,-15.340134,328.469200,0.116694,0.993168,0.000000,-0.000000
663.825414,-15.310776,328.713830,0.116695,0.993168,-0.000000,0.000001
663.825414,-15.310776,328.713830,0.116695,0.993168,-0.000000,0.000001
664.392361,-15.281695,328.956578,0.116694,0.993168,0.000000,-0.000000
664.392361,-15.281695,328.956578,0.116694,0.993168,0.000000,-0.000000
665.004926,-15.255421,329.123884,0.116695,0.993168,-0.000000,0.000001
665.004926,-15.255421,329.123884,0.116695,0.993168,-0.000000,0.000001
665.614069,-15.229393,329.289044,0.116694,0.993168,0.000000,-0.000000
665.614069,-15.229393,329.289044,0.116694,0.993168,0.000000,-0.000000
666.251865,-15.196550,329.397236,0.116695,0.993168,-0.000000,0.000001
666.251865,-15.196550,329.397236,0.116695,0.993168,-0.000000,0.000001
666.889377,-15.163645,329.504511,0.116695,0.993168,0.000000,0.000000
666.889377,-15.163645,329.504511,0.116695,0.993168,0.000000,0.000000
669.437267,-14.909347,330.454051,0.116788,0.993157,0.000039,0.000062
669.437267,-14.909347,330.454051,0.116788,0.993157,0.000039,0.000062
671.895228,-14.578017,331.291848,0.116695,0.993168,0.000000,0.000000
671.895228,-14.578017,331.291848,0.116695,0.993168,0.000000,0.000000
675.269995,-14.211886,332.252656,0.116983,0.993134,0.000126,0.000136
675.269995,-14.211886,332.252656,0.116983,0.993134,0.000126,0.000136
678.467987,-13.582926,332.965634,0.116695,0.993168,0.000000,0.000000
678.467987,-13.582926,332.965634,0.116695,0.993168,0.000000,0.000000
681.846363,-13.077619,333.620290,0.117073,0.993123,0.000169,0.000175
681.846363,-13.077619,333.620290,0.117073,0.993123,0.000169,0.000175
685.014772,-12.221298,333.963388,0.116695,0.993168,0.000000,0.000000
685.014772,-12.221298,333.963388,0.116695,0.993168,0.000000,0.000000
688.134196,-11.521866,334.023444,0.117121,0.993118,0.000193,0.000184
688.134196,-11.521866,334.023444,0.117121,0.993118,0.000193,0.000184
691.047266,-10.420131,333.758736,0.116692,0.993168,-0.000000,0.000001
691.047266,-10.420131,333.758736,0.116692,0.993168,-0.000000,0.000001
693.476515,-9.261355,333.456974,0.117119,0.993118,0.000193,0.000144
693.476515,-9.261355,333.456974,0.117119,0.993118,0.000193,0.000144
695.751167,-7.688287,332.897933,0.116695,0.993168,0.000000,0.000000
695.751167,-7.688287,332.897933,0.116695,0.993168,0.000000,0.000000
697.488388,-6.080319,332.715056,0.117189,0.993110,0.000223,0.000114
697.488388,-6.080319,332.715056,0.117189,0.993110,0.000223,0.000114
699.102431,-3.975925,332.317673,0.116694,0.993168,0.000000,0.000000
699.102431,-3.975925,332.317673,0.116694,0.993168,0.000000,0.000000
699.885122,-2.165671,332.181434,-0.117063,-0.993124,-0.000162,-0.000031
699.885122,-2.165671,332.181434,-0.117063,-0.993124,-0.000162,-0.000031
700.624760,0.025318,331.964832,-0.116695,-0.993168,-0.000000,0.000000
700.624760,0.025318,331.964832,-0.116695,-0.993168,-0.000000,0.000000
700.551868,2.123331,331.943140,-0.116886,-0.993145,-0.000079,0.000034
700.551868,2.123331,331.943140,-0.116886,-0.993145,-0.000079,0.000034
700.493143,4.428318,331.949661,-0.116692,-0.993168,0.000000,-0.000000
700.493143,4.428318,331.949661,-0.116692,-0.993168,0.000000,-0.000000
699.396062,6.709153,332.297836,-0.116698,-0.993167,-0.000001,-0.000019
699.396062,6.709153,332.297836,-0.116698,-0.993167,-0.000001,-0.000019
698.266663,8.986123,332.618479,-0.116694,-0.993168,-0.000000,-0.000001
698.266663,8.986123,332.618479,-0.116694,-0.993168,-0.000000,-0.000001
696.214090,11.215184,333.046578,-0.117021,-0.993129,-0.000166,-0.000268
696.214090,11.215184,333.046578,-0.117021,-0.993129,-0.000166,-0.000268
693.886646,13.693731,333.063513,-0.116695,-0.993168,-0.000000,-0.000001
693.886646,13.693731,333.063513,-0.116695,-0.993168,-0.000000,-0.000001
690.644838,15.809980,333.849854,0.117241,0.993103,0.000270,0.000425
690.644838,15.809980,333.849854,0.117241,0.993103,0.000270,0.000425
686.954554,18.334878,333.961142,0.116694,0.993168,0.000000,0.000000
686.954554,18.334878,333.961142,0.116694,0.993168,0.000000,0.000000
684.689578,19.852057,334.143452,0.116847,0.993150,0.000075,0.000135
684.689578,19.852057,334.143452,0.116847,0.993150,0.000075,0.000135
682.271325,21.471145,334.109567,0.116694,0.993168,0.000000,0.000000
682.271325,21.471145,334.109567,0.116694,0.993168,0.000000,0.000000
680.607983,22.481714,334.193431,0.116758,0.993160,0.000031,0.000057
680.607983,22.481714,334.193431,0.116758,0.993160,0.000031,0.000057
678.878102,23.532023,334.183940,0.116694,0.993168,0.000000,0.000000
678.878102,23.532023,334.183940,0.116694,0.993168,0.000000,0.000000
677.647508,24.253002,334.044129,0.116730,0.993164,0.000018,0.000031
677.647508,24.253002,334.044129,0.116730,0.993164,0.000018,0.000031
676.378981,24.996367,333.853469,0.116694,0.993168,0.000000,0.000000
676.378981,24.996367,333.853469,0.116694,0.993168,0.000000,0.000000
675.392000,25.501464,333.669521,0.116717,0.993165,0.000011,0.000020
675.392000,25.501464,333.669521,0.116717,0.993165,0.000011,0.000020
674.381077,26.021535,333.453587,0.116694,0.993168,0.000000,0.000000
674.381077,26.021535,333.453587,0.116694,0.993168,0.000000,0.000000
673.524787,26.370036,333.308952,0.116712,0.993166,0.000008,0.000014
673.524787,26.370036,333.308952,0.116712,0.993166,0.000008,0.000014
672.652112,26.729752,333.141728,0.116695,0.993168,0.000000,0.000000
672.652112,26.729752,333.141728,0.116695,0.993168,0.000000,0.000000
671.887334,26.978876,332.998956,0.116708,0.993166,0.000007,0.000010
671.887334,26.978876,332.998956,0.116708,0.993166,0.000007,0.000010
671.109155,27.237665,332.838411,0.116694,0.993168,0.000000,0.000000
671.109155,27.237665,332.838411,0.116694,0.993168,0.000000,0.000000
670.435649,27.443622,332.622090,0.116704,0.993167,0.000005,0.000009
670.435649,27.443622,332.622090,0.116704,0.993167,0.000005,0.000009
669.751262,27.657747,332.391435,0.116691,0.993168,-0.000001,0.000001
669.751262,27.657747,332.391435,0.116691,0.993168,-0.000001,0.000001
669.086189,27.806477,332.243367,0.116701,0.993167,0.000004,0.000008
669.086189,27.806477,332.243367,0.116701,0.993167,0.000004,0.000008
668.412538,27.962357,332.082989,0.116691,0.993168,-0.000001,0.000001
668.412538,27.962357,332.082989,0.116691,0.993168,-0.000001,0.000001
667.735324,28.062980,332.027963,0.116701,0.993167,0.000004,0.000007
667.735324,28.062980,332.027963,0.116701,0.993167,0.000004,0.000007
667.049873,28.170306,331.961503,0.116692,0.993168,-0.000000,0.000001
667.049873,28.170306,331.961503,0.116692,0.993168,-0.000000,0.000001
666.420648,28.276544,331.786002,0.116701,0.993167,0.000004,0.000007
666.420648,28.276544,331.786002,0.116701,0.993167,0.000004,0.000007
665.783420,28.389288,331.599772,0.116692,0.993168,-0.000000,0.000001
665.783420,28.389288,331.599772,0.116692,0.993168,-0.000000,0.000001
665.163947,28.483167,331.398236,0.116701,0.993167,0.000004,0.000006
665.163947,28.483167,331.398236,0.116701,0.993167,0.000004,0.000006
664.536737,28.583370,331.186500,0.116693,0.993168,-0.000000,0.000000
664.536737,28.583370,331.186500,0.116693,0.993168,-0.000000,0.000000
663.905181,28.655217,331.030361,0.116701,0.993167,0.000004,0.000006
663.905181,28.655217,331.030361,0.116701,0.993167,0.000004,0.000006
663.266461,28.733026,330.864579,0.116693,0.993168,-0.000000,0.000000
663.266461,28.733026,330.864579,0.116693,0.993168,-0.000000,0.000000
662.625483,28.794521,330.732963,0.116701,0.993167,0.000003,0.000006
662.625483,28.794521,330.732963,0.116701,0.993167,0.000003,0.000006
661.977927,28.861618,330.592168,0.116693,0.993168,-0.000000,0.000000
661.977927,28.861618,330.592168,0.116693,0.993168,-0.000000,0.000000
661.321456,28.914368,330.494090,0.116701,0.993167,0.000003,0.000005
661.321456,28.914368,330.494090,0.116701,0.993167,0.000003,0.000005
660.658748,28.972395,330.387117,0.116694,0.993168,-0.000000,0.000000
660.658748,28.972395,330.387117,0.116694,0.993168,-0.000000,0.000000
660.000676,29.026293,330.280784,0.116701,0.993167,0.000003,0.000005
660.000676,29.026293,330.280784,0.116701,0.993167,0.000003,0.000005
659.336243,29.085239,330.165781,0.116694,0.993168,-0.000000,0.000000
659.336243,29.085239,330.165781,0.116694,0.993168,-0.000000,0.000000
658.666305,29.147860,330.036760,0.116701,0.993167,0.000003,0.000005
658.666305,29.147860,330.036760,0.116701,0.993167,0.000003,0.000005
657.989858,29.215417,329.899131,0.116694,0.993168,-0.000000,0.000000
657.989858,29.215417,329.899131,0.116694,0.993168,-0.000000,0.000000
657.288059,29.249828,329.886470,0.116701,0.993167,0.000003,0.000005
657.288059,29.249828,329.886470,0.116701,0.993167,0.000003,0.000005
656.580309,29.288717,329.865457,0.116694,0.993168,-0.000000,0.000000
656.580309,29.288717,329.865457,0.116694,0.993168,-0.000000,0.000000
655.880030,29.362507,329.719031,0.116701,0.993167,0.000003,0.000005
655.880030,29.362507,329.719031,0.116701,0.993167,0.000003,0.000005
655.172794,29.441048,329.563798,0.116694,0.993168,-0.000000,0.000000
655.172794,29.441048,329.563798,0.116694,0.993168,-0.000000,0.000000
654.454413,29.492984,329.501653,0.116701,0.993167,0.000003,0.000005
654.454413,29.492984,329.501653,0.116701,0.993167,0.000003,0.000005
653.729665,29.549167,329.431285,0.116694,0.993168,-0.000000,0.000000
653.729665,29.549167,329.431285,0.116694,0.993168,-0.000000,0.000000
652.998288,29.587118,329.421706,0.116700,0.993167,0.000002,0.000004
652.998288,29.587118,329.421706,0.116700,0.993167,0.000002,0.000004
652.261372,29.628917,329.404319,0.116694,0.993168,-0.000000,0.000000
652.261372,29.628917,329.404319,0.116694,0.993168,-0.000000,0.000000
651.521801,29.644277,329.479767,0.116698,0.993167,0.000003,0.000005
651.521801,29.644277,329.479767,0.116698,0.993167,0.000003,0.000005
650.777291,29.663003,329.547955,0.116691,0.993168,0.000002,0.000003
650.777291,29.663003,329.547955,0.116691,0.993168,0.000002,0.000003
650.029292,29.678570,329.626970,0.116697,0.993168,0.000004,0.000007
650.029292,29.678570,329.626970,0.116697,0.993168,0.000004,0.000007
649.276465,29.697288,329.698906,0.116692,0.993168,0.000003,0.000003
649.276465,29.697288,329.698906,0.116692,0.993168,0.000003,0.000003
648.537897,29.689324,329.854361,0.116698,0.993167,0.000003,0.000005
648.537897,29.689324,329.854361,0.116698,0.993167,0.000003,0.000005
647.794957,29.683944,330.003579,0.116694,0.993168,0.000000,0.000000
647.794957,29.683944,330.003579,0.116694,0.993168,0.000000,0.000000
647.053010,29.676574,330.162148,0.116698,0.993167,0.000003,0.000004
647.053010,29.676574,330.162148,0.116698,0.993167,0.000003,0.000004
646.306387,29.671651,330.314716,0.116692,0.993168,0.000002,0.000003
646.306387,29.671651,330.314716,0.116692,0.993168,0.000002,0.000003
645.576117,29.648336,330.528043,0.116697,0.993168,0.000003,0.000005
645.576117,29.648336,330.528043,0.116697,0.993168,0.000003,0.000005
644.842206,29.627042,330.735822,0.116693,0.993168,0.000001,0.000001
644.842206,29.627042,330.735822,0.116693,0.993168,0.000001,0.000001
644.095957,29.618057,330.902557,0.116698,0.993167,0.000002,0.000004
644.095957,29.618057,330.902557,0.116698,0.993167,0.000002,0.000004
643.345974,29.611195,331.063436,0.116694,0.993168,0.000000,0.000000
643.345974,29.611195,331.063436,0.116694,0.993168,0.000000,0.000000
642.606127,29.596828,331.253784,0.116697,0.993168,0.000002,0.000003
642.606127,29.596828,331.253784,0.116697,0.993168,0.000002,0.000003
641.862880,29.584332,331.438593,0.116693,0.993168,0.000001,0.000001
641.862880,29.584332,331.438593,0.116693,0.993168,0.000001,0.000001
641.122473,29.570290,331.631399,0.116697,0.993168,0.000002,0.000004
641.122473,29.570290,331.631399,0.116697,0.993168,0.000002,0.000004
640.378985,29.557967,331.818800,0.116693,0.993168,0.000001,0.000001
640.378985,29.557967,331.818800,0.116693,0.993168,0.000001,0.000001
639.661181,29.525725,332.074883,0.116696,0.993168,0.000001,0.000003
639.661181,29.525725,332.074883,0.116696,0.993168,0.000001,0.000003
638.940871,29.494816,332.326175,0.116693,0.993168,0.000001,0.000001
638.940871,29.494816,332.326175,0.116693,0.993168,0.000001,0.000001
638.217767,29.468544,332.573066,0.116696,0.993168,0.000001,0.000003
638.217767,29.468544,332.573066,0.116696,0.993168,0.000001,0.000003
637.491901,29.443534,332.815202,0.116694,0.993168,0.000000,0.000001
637.491901,29.443534,332.815202,0.116694,0.993168,0.000000,0.000001
636.748790,29.432189,333.004459,0.116697,0.993168,0.000001,0.000003
636.748790,29.432189,333.004459,0.116697,0.993168,0.000001,0.000003
636.002702,29.422233,333.188678,0.116694,0.993168,0.000000,0.000001
636.002702,29.422233,333.188678,0.116694,0.993168,0.000000,0.000001
635.278011,29.394273,333.446198,0.116697,0.993168,0.000001,0.000002
635.278011,29.394273,333.446198,0.116697,0.993168,0.000001,0.000002
634.550769,29.367356,333.699192,0.116694,0.993168,0.000000,0.000000
634.550769,29.367356,333.699192,0.116694,0.993168,0.000000,0.000000
633.817692,29.344448,333.933769,0.116697,0.993168,0.000001,0.000002
633.817692,29.344448,333.933769,0.116697,0.993168,0.000001,0.000002
633.082225,29.322606,334.163644,0.116694,0.993168,0.000000,0.000000
633.082225,29.322606,334.163644,0.116694,0.993168,0.000000,0.000000
632.337123,29.306398,334.368172,0.116697,0.993168,0.000001,0.000002
632.337123,29.306398,334.368172,0.116697,0.993168,0.000001,0.000002
631.589698,29.291300,334.567781,0.116694,0.993168,0.000000,0.000000
631.589698,29.291300,334.567781,0.116694,0.993168,0.000000,0.000000
630.834158,29.278802,334.747329,0.116697,0.993168,0.000001,0.000002
630.834158,29.278802,334.747329,0.116697,0.993168,0.000001,0.000002
630.075611,29.267426,334.922028,0.116694,0.993168,0.000000,0.000000
630.075611,29.267426,334.922028,0.116694,0.993168,0.000000,0.000000
629.329900,29.248204,335.129872,0.116697,0.993168,0.000001,0.000002
629.329900,29.248204,335.129872,0.116697,0.993168,0.000001,0.000002
628.581586,29.229915,335.333139,0.116694,0.993168,0.000000,0.000000
628.581586,29.229915,335.333139,0.116694,0.993168,0.000000,0.000000
627.841877,29.205886,335.561572,0.116697,0.993168,0.000000,0.000002
627.841877,29.205886,335.561572,0.116697,0.993168,0.000000,0.000002
627.099832,29.182665,335.785540,0.116694,0.993168,0.000000,0.000000
627.099832,29.182665,335.785540,0.116694,0.993168,0.000000,0.000000
626.348319,29.171835,335.961417,0.116697,0.993168,0.000001,0.000002
626.348319,29.171835,335.961417,0.116697,0.993168,0.000001,0.000002
625.594137,29.161885,336.132678,0.116694,0.993168,0.000000,0.000000
625.594137,29.161885,336.132678,0.116694,0.993168,0.000000,0.000000
624.835697,29.157620,336.282921,0.116697,0.993168,0.000001,0.000002
624.835697,29.157620,336.282921,0.116697,0.993168,0.000001,0.000002
624.072223,29.154281,336.428978,0.116694,0.993168,0.000000,0.000000
624.072223,29.154281,336.428978,0.116694,0.993168,0.000000,0.000000
621.314646,29.203626,336.967129,0.116726,0.993164,0.000005,0.000026
621.314646,29.203626,336.967129,0.116726,0.993164,0.000005,0.000026
618.520908,29.261308,337.446181,0.116695,0.993168,0.000000,0.000000
618.520908,29.261308,337.446181,0.116695,0.993168,0.000000,0.000000
614.925070,29.471156,338.108885,0.116738,0.993163,0.000002,0.000040
614.925070,29.471156,338.108885,0.116738,0.993163,0.000002,0.000040
611.275714,29.685919,338.678436,0.116695,0.993168,-0.000000,0.000000
611.275714,29.685919,338.678436,0.116695,0.993168,-0.000000,0.000000
607.614788,30.113821,339.285997,0.116726,0.993164,-0.000007,0.000036
607.614788,30.113821,339.285997,0.116726,0.993164,-0.000007,0.000036
603.905610,30.535242,339.808323,0.116695,0.993168,-0.000000,0.000000
603.905610,30.535242,339.808323,0.116695,0.993168,-0.000000,0.000000
600.601315,31.245685,340.199232,0.116703,0.993167,-0.000017,0.000019
600.601315,31.245685,340.199232,0.116703,0.993167,-0.000017,0.000019
597.266137,31.939553,340.541579,0.116695,0.993168,-0.000000,0.000000
597.266137,31.939553,340.541579,0.116695,0.993168,-0.000000,0.000000
594.700043,32.916389,340.633590,0.116700,0.993167,-0.000009,0.000011
594.700043,32.916389,340.633590,0.116700,0.993167,-0.000009,0.000011
592.113213,33.879853,340.697552,0.116694,0.993168,-0.000000,0.000000
592.113213,33.879853,340.697552,0.116694,0.993168,-0.000000,0.000000
590.417756,35.083821,340.883140,0.116696,0.993168,-0.000004,0.000005
590.417756,35.083821,340.883140,0.116696,0.993168,-0.000004,0.000005
588.713628,36.278804,341.057047,0.116694,0.993168,-0.000000,-0.000000
588.713628,36.278804,341.057047,0.116694,0.993168,-0.000000,-0.000000
588.044753,37.729721,341.201457,0.116695,0.993168,-0.000002,-0.000004
588.044753,37.729721,341.201457,0.116695,0.993168,-0.000002,-0.000004
587.374907,39.179932,341.351264,0.116695,0.993168,0.000000,-0.000000
587.374907,39.179932,341.351264,0.116695,0.993168,0.000000,-0.000000
587.813577,40.884851,341.620879,0.116711,0.993166,0.000006,-0.000007
587.813577,40.884851,341.620879,0.116711,0.993166,0.000006,-0.000007
588.250696,42.608759,341.896023,0.116694,0.993168,0.000000,0.000000
588.250696,42.608759,341.896023,0.116694,0.993168,0.000000,0.000000
589.839281,44.590157,342.365717,0.116743,0.993162,0.000019,0.000003
589.839281,44.590157,342.365717,0.116743,0.993162,0.000019,0.000003
591.410510,46.617611,342.813638,0.116694,0.993168,0.000000,0.000000
591.410510,46.617611,342.813638,0.116694,0.993168,0.000000,0.000000
594.197469,48.845353,343.352452,0.116795,0.993156,0.000040,0.000027
594.197469,48.845353,343.352452,0.116795,0.993156,0.000040,0.000027
596.934893,51.155250,343.812903,0.116694,0.993168,0.000001,0.000001
596.934893,51.155250,343.812903,0.116694,0.993168,0.000001,0.000001
601.053282,53.642405,344.344110,0.116891,0.993145,0.000077,0.000073
601.053282,53.642405,344.344110,0.116891,0.993145,0.000077,0.000073
605.057957,56.269837,344.690515,0.116695,0.993168,0.000000,0.000000
605.057957,56.269837,344.690515,0.116695,0.993168,0.000000,0.000000
607.823871,57.912703,344.852793,0.116793,0.993156,0.000040,0.000038
607.823871,57.912703,344.852793,0.116793,0.993156,0.000040,0.000038
610.533146,59.623367,344.922794,0.116695,0.993168,0.000000,0.000000
610.533146,59.623367,344.922794,0.116695,0.993168,0.000000,0.000000
612.480062,60.701024,344.947232,0.116745,0.993162,0.000021,0.000021
612.480062,60.701024,344.947232,0.116745,0.993162,0.000021,0.000021
614.396839,61.812284,344.922796,0.116695,0.993168,0.000000,0.000000
614.396839,61.812284,344.922796,0.116695,0.993168,0.000000,0.000000
615.860584,62.517841,344.938600,0.116723,0.993164,0.000012,0.000013
615.860584,62.517841,344.938600,0.116723,0.993164,0.000012,0.000013
617.305646,63.241505,344.925188,0.116695,0.993168,0.000000,0.000000
617.305646,63.241505,344.925188,0.116695,0.993168,0.000000,0.000000
618.476978,63.704131,344.901217,0.116712,0.993166,0.000007,0.000009
618.476978,63.704131,344.901217,0.116712,0.993166,0.000007,0.000009
619.637039,64.177245,344.858298,0.116694,0.993168,-0.000000,0.000000
619.637039,64.177245,344.858298,0.116694,0.993168,-0.000000,0.000000
620.627523,64.487627,344.764644,0.116705,0.993167,0.000005,0.000006
620.627523,64.487627,344.764644,0.116705,0.993167,0.000005,0.000006
621.610529,64.804118,344.658001,0.116694,0.993168,-0.000000,0.000000
621.610529,64.804118,344.658001,0.116694,0.993168,-0.000000,0.000000
622.507533,64.994545,344.665455,0.116704,0.993167,0.000004,0.000006
622.507533,64.994545,344.665455,0.116704,0.993167,0.000004,0.000006
623.397351,65.189779,344.661551,0.116694,0.993168,-0.000000,-0.000000
623.397351,65.189779,344.661551,0.116694,0.993168,-0.000000,-0.000000
624.238141,65.309018,344.674451,0.116700,0.993167,0.000003,0.000006
624.238141,65.309018,344.674451,0.116700,0.993167,0.000003,0.000006
625.072174,65.431983,344.677283,0.116691,0.993168,-0.000001,0.000001
625.072174,65.431983,344.677283,0.116691,0.993168,-0.000001,0.000001
625.873585,65.512747,344.637772,0.116697,0.993168,0.000002,0.000006
625.873585,65.512747,344.637772,0.116697,0.993168,0.000002,0.000006
626.670001,65.596505,344.589436,0.116690,0.993168,-0.000001,0.000001
626.670001,65.596505,344.589436,0.116690,0.993168,-0.000001,0.000001
627.454961,65.641525,344.572632,0.116699,0.993167,0.000002,0.000005
627.454961,65.641525,344.572632,0.116699,0.993167,0.000002,0.000005
628.234306,65.689379,344.547063,0.116694,0.993168,0.000000,0.000000
628.234306,65.689379,344.547063,0.116694,0.993168,0.000000,0.000000
629.002397,65.721017,344.493754,0.116700,0.993167,0.000003,0.000004
629.002397,65.721017,344.493754,0.116700,0.993167,0.000003,0.000004
629.765683,65.755207,344.432127,0.116694,0.993168,0.000000,0.000000
629.765683,65.755207,344.432127,0.116694,0.993168,0.000000,0.000000
630.522954,65.781354,344.341211,0.116700,0.993167,0.000002,0.000004
630.522954,65.781354,344.341211,0.116700,0.993167,0.000002,0.000004
631.275131,65.809857,344.242330,0.116694,0.993168,0.000000,0.000000
631.275131,65.809857,344.242330,0.116694,0.993168,0.000000,0.000000
632.027599,65.835005,344.113858,0.116700,0.993167,0.000002,0.000004
632.027599,65.835005,344.113858,0.116700,0.993167,0.000002,0.000004
632.775015,65.862401,343.977686,0.116694,0.993168,0.000000,0.000000
632.775015,65.862401,343.977686,0.116694,0.993168,0.000000,0.000000
633.536646,65.862263,343.928426,0.116701,0.993167,0.000003,0.000005
633.536646,65.862263,343.928426,0.116701,0.993167,0.000003,0.000005
634.292373,65.864933,343.870339,0.116694,0.993168,0.000000,0.000000
634.292373,65.864933,343.870339,0.116694,0.993168,0.000000,0.000000
635.050675,65.867635,343.786232,0.116701,0.993167,0.000003,0.000005
635.050675,65.867635,343.786232,0.116701,0.993167,0.000003,0.000005
635.803398,65.873132,343.693398,0.116694,0.993168,0.000000,0.000000
635.803398,65.873132,343.693398,0.116694,0.993168,0.000000,0.000000
636.567521,65.863941,343.637065,0.116701,0.993167,0.000003,0.000005
636.567521,65.863941,343.637065,0.116701,0.993167,0.000003,0.000005
637.325634,65.857945,343.571207,0.116694,0.993168,-0.000000,-0.000000
637.325634,65.857945,343.571207,0.116694,0.993168,-0.000000,-0.000000
638.080047,65.862965,343.448010,0.116701,0.993167,0.000003,0.000005
638.080047,65.862965,343.448010,0.116701,0.993167,0.000003,0.000005
638.829281,65.871018,343.315749,0.116694,0.993168,-0.000000,0.000000
638.829281,65.871018,343.315749,0.116694,0.993168,-0.000000,0.000000
639.592235,65.861466,343.235645,0.116702,0.993167,0.000003,0.000005
639.592235,65.861466,343.235645,0.116702,0.993167,0.000003,0.000005
640.349186,65.855495,343.145491,0.116694,0.993168,-0.000000,0.000000
640.349186,65.855495,343.145491,0.116694,0.993168,-0.000000,0.000000
641.109543,65.850367,343.041819,0.116701,0.993167,0.000003,0.000005
641.109543,65.850367,343.041819,0.116701,0.993167,0.000003,0.000005
641.863544,65.848986,342.928000,0.116693,0.993168,-0.000000,-0.000000
641.863544,65.848986,342.928000,0.116693,0.993168,-0.000000,-0.000000
642.624239,65.842513,342.823327,0.116702,0.993167,0.000004,0.000006
642.624239,65.842513,342.823327,0.116702,0.993167,0.000004,0.000006
643.378221,65.840127,342.708076,0.116693,0.993168,-0.000000,-0.000000
643.378221,65.840127,342.708076,0.116693,0.993168,-0.000000,-0.000000
644.141662,65.827019,342.620190,0.116703,0.993167,0.000004,0.000006
644.141662,65.827019,342.620190,0.116703,0.993167,0.000004,0.000006
644.897488,65.818519,342.520999,0.116694,0.993168,0.000000,0.000000
644.897488,65.818519,342.520999,0.116694,0.993168,0.000000,0.000000
645.661950,65.801458,342.440512,0.116704,0.993167,0.000005,0.000007
645.661950,65.801458,342.440512,0.116704,0.993167,0.000005,0.000007
646.418544,65.789488,342.348018,0.116694,0.993168,0.000000,0.000000
646.418544,65.789488,342.348018,0.116694,0.993168,0.000000,0.000000
647.184668,65.762565,342.296693,0.116705,0.993167,0.000005,0.000007
647.184668,65.762565,342.296693,0.116705,0.993167,0.000005,0.000007
647.941957,65.741463,342.232286,0.116694,0.993168,0.000000,0.000000
647.941957,65.741463,342.232286,0.116694,0.993168,0.000000,0.000000
648.700557,65.720477,342.150226,0.116705,0.993167,0.000005,0.000007
648.700557,65.720477,342.150226,0.116705,0.993167,0.000005,0.000007
649.450712,65.705537,342.054961,0.116694,0.993168,0.000000,0.000000
649.450712,65.705537,342.054961,0.116694,0.993168,0.000000,0.000000
650.197939,65.694500,341.935279,0.116705,0.993167,0.000005,0.000007
650.197939,65.694500,341.935279,0.116705,0.993167,0.000005,0.000007
650.936428,65.689639,341.802716,0.116694,0.993168,0.000000,0.000000
650.936428,65.689639,341.802716,0.116694,0.993168,0.000000,0.000000
651.702142,65.640621,341.807876,0.116708,0.993166,0.000007,0.000009
651.702142,65.640621,341.807876,0.116708,0.993166,0.000007,0.000009
652.456977,65.599840,341.796678,0.116694,0.993168,0.000000,0.000000
652.456977,65.599840,341.796678,0.116694,0.993168,0.000000,0.000000
653.208555,65.542647,341.821361,0.116709,0.993166,0.000008,0.000010
653.208555,65.542647,341.821361,0.116709,0.993166,0.000008,0.000010
653.948670,65.494512,341.828693,0.116694,0.993168,-0.000000,0.000000
653.948670,65.494512,341.828693,0.116694,0.993168,-0.000000,0.000000
654.696745,65.518476,341.624445,0.116708,0.993166,0.000007,0.000008
654.696745,65.518476,341.624445,0.116708,0.993166,0.000007,0.000008
655.435326,65.550672,341.405549,0.116694,0.993168,-0.000000,0.000000
655.435326,65.550672,341.405549,0.116694,0.993168,-0.000000,0.000000
656.182512,65.493465,341.414105,0.116711,0.993166,0.000009,0.000011
656.182512,65.493465,341.414105,0.116711,0.993166,0.000009,0.000011
656.916873,65.447215,341.403380,-0.116694,-0.993168,0.000000,-0.000000
656.916873,65.447215,341.403380,-0.116694,-0.993168,0.000000,-0.000000
657.665197,65.363223,341.471338,-0.116714,-0.993166,-0.000010,-0.000013
657.665197,65.363223,341.471338,-0.116714,-0.993166,-0.000010,-0.000013
658.398635,65.292266,341.517031,-0.116694,-0.993168,0.000000,-0.000000
658.398635,65.292266,341.517031,-0.116694,-0.993168,0.000000,-0.000000
659.152575,65.249197,341.467340,-0.116714,-0.993166,-0.000011,-0.000013
659.152575,65.249197,341.467340,-0.116714,-0.993166,-0.000011,-0.000013
659.891950,65.220086,341.395447,-0.116693,-0.993168,0.000000,-0.000000
659.891950,65.220086,341.395447,-0.116693,-0.993168,0.000000,-0.000000
660.634483,65.152329,341.414458,-0.116717,-0.993165,-0.000013,-0.000015
660.634483,65.152329,341.414458,-0.116717,-0.993165,-0.000013,-0.000015
661.360376,65.101244,341.408007,-0.116692,-0.993168,0.000000,-0.000000
661.360376,65.101244,341.408007,-0.116692,-0.993168,0.000000,-0.000000
662.103670,65.035122,341.426742,-0.116720,-0.993165,-0.000015,-0.000017
662.103670,65.035122,341.426742,-0.116720,-0.993165,-0.000015,-0.000017
662.828012,64.989012,341.416778,-0.116691,-0.993168,0.000001,-0.000000
662.828012,64.989012,341.416778,-0.116691,-0.993168,0.000001,-0.000000
663.574690,64.920567,341.440571,-0.116727,-0.993164,-0.000018,-0.000020
663.574690,64.920567,341.440571,-0.116727,-0.993164,-0.000018,-0.000020
664.299015,64.877041,341.431055,-0.116695,-0.993168,-0.000000,-0.000000
664.299015,64.877041,341.431055,-0.116695,-0.993168,-0.000000,-0.000000
665.048863,64.807351,341.455701,-0.116737,-0.993163,-0.000023,-0.000023
665.048863,64.807351,341.455701,-0.116737,-0.993163,-0.000023,-0.000023
665.772582,64.769305,341.441018,-0.116694,-0.993168,-0.000000,-0.000000
665.772582,64.769305,341.441018,-0.116694,-0.993168,-0.000000,-0.000000
666.527924,64.700656,341.485407,-0.116753,-0.993161,-0.000031,-0.000029
666.527924,64.700656,341.485407,-0.116753,-0.993161,-0.000031,-0.000029
667.250352,64.676281,341.479795,-0.116694,-0.993168,-0.000000,-0.000000
667.250352,64.676281,341.479795,-0.116694,-0.993168,-0.000000,-0.000000
668.016795,64.596805,341.544856,-0.116781,-0.993158,-0.000045,-0.000039
668.016795,64.596805,341.544856,-0.116781,-0.993158,-0.000045,-0.000039
668.737888,64.585048,341.541398,-0.116693,-0.993168,-0.000000,-0.000000
668.737888,64.585048,341.541398,-0.116693,-0.993168,-0.000000,-0.000000
669.533165,64.488296,341.630283,-0.116863,-0.993148,-0.000087,-0.000065
669.533165,64.488296,341.630283,-0.116863,-0.993148,-0.000087,-0.000065
670.216637,63.992482,341.868413,-0.115941,-0.993256,0.000923,-0.000145
670.216637,63.992482,341.868413,-0.115941,-0.993256,0.000923,-0.000145
316.109535,268.336423,1036.237653,0.054641,0.452180,-0.171399,-0.873596
316.109535,268.336423,1036.237653,0.054641,0.452180,-0.171399,-0.873596
672.654580,63.497117,342.588349,0.117954,0.993018,0.000167,0.001440
672.654580,63.497117,342.588349,0.117954,0.993018,0.000167,0.001440
-16.746813,39.621345,1545.150438,0.025406,0.005610,-0.119006,-0.992553
-16.746813,39.621345,1545.150438,0.025406,0.005610,-0.119006,-0.992553
673.300574,64.374108,341.882677,0.116694,0.993168,0.000000,-0.000000
673.300574,64.374108,341.882677,0.116694,0.993168,0.000000,-0.000000
673.300574,64.374108,341.882677,0.116694,0.993168,0.000000,-0.000000
673.300574,64.374108,341.882677,0.116694,0.993168,0.000000,-0.000000
673.300574,64.374108,341.882677,0.116694,0.993168,0.000000,-0.000000
673.300574,64.374108,341.882677,0.116694,0.993168,0.000000,-0.000000
673.300574,64.374108,341.882677,0.116694,0.993168,0.000000,-0.000000
673.300574,64.374108,341.882677,0.116694,0.993168,0.000000,-0.000000
673.300574,64.374108,341.882677,0.116694,0.993168,0.000000,-0.000000
673.300574,64.374108,341.882677,0.116694,0.993168,0.000000,-0.000000
673.300574,64.374108,341.882677,0.116694,0.993168,0.000000,-0.000000
673.300574,64.374108,341.882677,0.116694,0.993168,0.000000,-0.000000
673.300574,64.374108,341.882677,0.116694,0.993168,0.000000,-0.000000
673.300574,64.374108,341.882677,0.116694,0.993168,0.000000,-0.000000
673.300574,64.374108,341.882677,0.116694,0.993168,0.000000,-0.000000
673.300574,64.374108,341.882677,0.116694,0.993168,0.000000,-0.000000
673.300574,64.374108,341.882677,0.116694,0.993168,0.000000,-0.000000
673.300574,64.374108,341.882677,0.116694,0.993168,0.000000,-0.000000
673.300574,64.374108,341.882677,0.116694,0.993168,0.000000,-0.000000
673.300574,64.374108,341.882677,0.116694,0.993168,0.000000,-0.000000
673.300574,64.374108,341.882677,0.116694,0.993168,0.000000,-0.000000
673.300574,64.374108,341.882677,0.116694,0.993168,0.000000,-0.000000
673.300574,64.374108,341.882677,0.116694,0.993168,0.000000,-0.000000
673.300574,64.374108,341.882677,0.116694,0.993168,0.000000,-0.000000
673.300574,64.374108,341.882677,0.116694,0.993168,0.000000,-0.000000
673.300574,64.374108,341.882677,0.116694,0.993168,0.000000,-0.000000
673.300598,64.374117,341.884771,0.116694,0.993168,0.000000,-0.000000
673.300598,64.374117,341.884771,0.116694,0.993168,0.000000,-0.000000
673.319573,64.381564,344.656704,0.116695,0.993168,0.000014,0.000001
673.319573,64.381564,344.656704,0.116695,0.993168,0.000014,0.000001
673.313201,64.379057,347.425252,0.116695,0.993168,0.000009,0.000001
673.313201,64.379057,347.425252,0.116695,0.993168,0.000009,0.000001
